id,ejercicio,lluvia,lluvia_normal,lluvia_anom,thi_dias,gw,gw_z
01,2021,878.0534111012342,1145.0534062148747,-23.317689259249857,24,0.7575824372759856,0.4194771645243906
01,2022,827.8266890277575,1145.0534062148747,-27.70409794559295,31,0.7489518689196109,0.1521143413705534
01,2023,660.8724218438723,1145.0534062148747,-42.284576574600706,62,0.6620153609831029,-2.5410559386461053
01,2024,1280.6891957323994,1145.0534062148747,11.845367978589463,39,0.700608144852305,-1.3455059791797153
01,2025,798.8314087841961,1145.0534062148747,-30.23631872116438,43,0.6872508960573477,-1.759294689253506
01,2026,719.3297057502784,1145.0534062148747,-37.17937505394462,42,0.6923702636968766,-1.600703907239032
02,2021,1184.192098786094,1467.762634659747,-19.319917892540545,99,0.6953947772657451,-0.810622167608294
02,2022,1091.479612278739,1467.762634659747,-25.636503716299938,94,0.6878739759344598,-0.9869147513143891
02,2023,967.0668610181658,1467.762634659747,-34.11285733933751,116,0.6791687788018433,-1.1909703600958494
02,2024,1966.5105368725574,1467.762634659747,33.98014709159216,112,0.7280557718452602,-0.045026738716747214
02,2025,1344.4670723069714,1467.762634659747,-8.40023852912413,106,0.6930186251920123,-0.8663207520948164
02,2026,1274.9647896767692,1467.762634659747,-13.135492104121566,103,0.6901153353814644,-0.9343757956205565
03,2021,928.2021909124236,1162.497432512207,-20.15447389793037,40,0.7104044418842805,-0.3412071884863968
03,2022,896.3839474451395,1162.497432512207,-22.89153314446337,41,0.7010844214029698,-0.6139585118095573
03,2023,683.7061010140533,1162.497432512207,-41.1864420606474,79,0.6382061571940604,-2.4540971473022757
03,2024,1368.1573963192448,1162.497432512207,17.691218755003838,66,0.6712378877765418,-1.4874202772146634
03,2025,843.7913495223384,1162.497432512207,-27.415637581334796,62,0.6614049539170507,-1.7751820613977958
03,2026,742.5628241450754,1162.497432512207,-36.123486953397816,63,0.6444295314900154,-2.2719694815786977
04,2021,1183.7300487188495,1345.6057400869204,-12.029949527237777,44,0.6916002944188427,-0.6739513447289119
04,2022,1101.4351762741335,1345.6057400869204,-18.14577305511602,36,0.6750956221198157,-0.9367739472642291
04,2023,1061.5839402613083,1345.6057400869204,-21.107356439135398,67,0.6422662570404506,-1.4595531344795616
04,2024,1923.8910572738762,1345.6057400869204,42.97583608327957,66,0.6358524595229267,-1.5616873014081323
04,2025,1435.2917187017117,1345.6057400869204,6.665100775283406,48,0.7049095622119815,-0.4620127896423977
04,2026,892.8204823344305,1345.6057400869204,-33.649177040760975,57,0.6120556195596518,-1.9406313542163196
05,2021,834.505719336423,1134.7307342559277,-26.457819979324874,48,0.686121799795187,-0.8674149743836826
05,2022,930.6916534341163,1134.7307342559277,-17.981277378161884,42,0.7012128136200717,-0.4750258777253989
05,2023,624.367832815737,1134.7307342559277,-44.976564574577154,88,0.6292249103942652,-2.3468198237702316
05,2024,1313.0788271806834,1134.7307342559277,15.71721709306686,71,0.6541981522679521,-1.6974779085646339
05,2025,1062.0325820378814,1134.7307342559277,-6.406643446184292,64,0.6555187532002048,-1.6631402946133265
05,2026,941.7565221726028,1134.7307342559277,-17.00616774162402,70,0.644318612391193,-1.9543608305886335
06,2021,1004.6005736153784,1317.4818973298488,-23.74843436927593,59,0.6967853302611368,-0.6318168637598295
06,2022,1116.820085033513,1317.4818973298488,-15.230707359472554,51,0.7096177035330261,-0.3506979239054691
06,2023,845.2928311794519,1317.4818973298488,-35.84026976821361,102,0.6327347670250896,-2.0349732443052653
06,2024,1632.4630261081065,1317.4818973298488,23.90781455264262,85,0.6366384872080089,-1.9494544040986506
06,2025,1091.9028113753852,1317.4818973298488,-17.12198751357772,76,0.6470037122375832,-1.722383307433395
06,2026,815.2788176458916,1317.4818973298488,-38.118404564174746,76,0.6460341141833078,-1.7436243024798732
07,2021,855.5467983016571,1273.9397538740584,-32.842444417019394,48,0.6692345750128008,-1.0100229713569482
07,2022,1114.3279103212387,1273.9397538740584,-12.528994645738866,43,0.6887258064516129,-0.5058930250865261
07,2023,727.2100684300171,1273.9397538740584,-42.91644748359826,92,0.627497311827957,-2.0895342537971002
07,2024,1553.9662365034958,1273.9397538740584,21.981140142449842,74,0.6402570757631937,-1.7595100002096518
07,2025,1022.4903609324995,1273.9397538740584,-19.73793440207041,68,0.6374879032258065,-1.8311331199119139
07,2026,749.2479914385714,1273.9397538740584,-41.18654440603618,71,0.6295153609831029,-2.037338525920771
08,2021,981.9417894783207,1276.0141500869522,-23.04616767679201,33,0.7077758576548899,-0.5773212507442399
08,2022,1049.8576073986962,1276.0141500869522,-17.72367043679295,34,0.7065951740911418,-0.6033416567988051
08,2023,777.2127909311863,1276.0141500869522,-39.09058211633278,74,0.6348933691756272,-2.1835364998811952
08,2024,1591.9030508692313,1276.0141500869522,24.755908918467185,61,0.6451400630329996,-1.9577155067954217
08,2025,970.0342390561112,1276.0141500869522,-23.979350935096637,51,0.6471820276497696,-1.9127138229329497
08,2026,796.6331033111344,1276.0141500869522,-37.56863093901828,57,0.6392711853558628,-2.0870563267513544
09,2021,1111.1854872326755,1299.341271296101,-14.480859510891921,25,0.6765000640040962,-0.2801678433460796
09,2022,1044.610428725518,1299.341271296101,-19.604614137784406,28,0.6447327828981054,-0.7490265517573144
09,2023,869.6111499973596,1299.341271296101,-33.07292170209317,64,0.560723374295955,-1.9889357111272008
09,2024,1571.26331410778,1299.341271296101,20.927684575156686,55,0.5446151279199111,-2.226680060901523
09,2025,977.0764746866561,1299.341271296101,-24.802167354230484,44,0.560670634920635,-1.9897141005434198
09,2026,815.0307045047331,1299.341271296101,-37.27354602600017,48,0.5637272785458269,-1.944600577059955
10,2021,1038.7112192923516,1208.9270619689253,-14.079910031904713,19,0.7159428443420379,0.16255318495805446
10,2022,923.2528651735553,1208.9270619689253,-23.630391425774295,27,0.6840953020993343,-0.3332828006352302
10,2023,776.5256764799786,1208.9270619689253,-35.76736753536759,57,0.5678326292882745,-2.1433821961133432
10,2024,1396.9163715150275,1208.9270619689253,15.550095242299607,45,0.5519707699913484,-2.3903362806042816
10,2025,842.2889143485515,1208.9270619689253,-30.32756558722795,38,0.56659863031234,-2.1625943881811236
10,2026,745.8119397192565,1208.9270619689253,-38.307945683291585,40,0.5740988863287251,-2.045822525355877
11,2021,999.9505710772795,1333.9926590669859,-25.04077407917224,76,0.6462848182283666,-0.9498472435124725
11,2022,1134.4629398352138,1333.9926590669859,-14.957332626652244,74,0.6535479390681004,-0.8086631996222736
11,2023,918.5449895719117,1333.9926590669859,-31.143175089557417,103,0.6197775217613928,-1.4651088494230398
11,2024,1612.6497781302398,1333.9926590669859,20.888954460825207,91,0.6271461809417872,-1.3218733003949372
11,2025,1216.432645262379,1333.9926590669859,-8.812643233496502,88,0.6314210189452125,-1.2387769387046077
11,2026,1011.0696194246734,1333.9926590669859,-24.207257622254804,86,0.6185344982078853,-1.4892713404248255
12,2021,875.156224328365,1254.6776778383355,-30.248522007966383,66,0.6572036610343062,-1.1281377317108319
12,2022,1119.6931995760438,1254.6776778383355,-10.758498429242353,61,0.6793744879672299,-0.47324728672224875
12,2023,832.0505267856213,1254.6776778383355,-33.68412131001262,105,0.6292779697900666,-1.9530175803914305
12,2024,1548.590362327409,1254.6776778383355,23.425353752642746,90,0.6409671548634285,-1.607737919086601
12,2025,1160.638137549432,1254.6776778383355,-7.495115434820099,88,0.6409717101894521,-1.6076033621079326
12,2026,876.422303169313,1254.6776778383355,-30.147613315374578,87,0.6355912698412698,-1.7665328862306025
13,2021,1221.8746438234045,1476.2790687313736,-17.232813923629568,51,0.7105945980542755,-0.9092658317288025
13,2022,1353.834754044736,1476.2790687313736,-8.29411710022137,55,0.701990463389657,-1.070664383887407
13,2023,1191.9849279647353,1476.2790687313736,-19.257479618060547,88,0.6867174859190988,-1.3571587900053959
13,2024,2012.2285807152373,1476.2790687313736,36.304078499495816,82,0.7132562106043753,-0.8593386247826148
13,2025,1449.1117414024664,1476.2790687313736,-1.8402568934512673,65,0.7221035586277522,-0.6933778144191658
13,2026,1091.0460119303932,1476.2790687313736,-26.094866814851393,72,0.6656314644137225,-1.7526957584988831
14,2021,1097.2703367730005,1241.9863899697323,-11.651983819263798,30,0.652639144905274,-0.30447830869463494
14,2022,957.2115686770678,1241.9863899697323,-22.928980832036697,30,0.6497291346646186,-0.35244738628886363
14,2023,864.5601191881128,1241.9863899697323,-30.388921636316603,56,0.574650409626216,-1.5900571846075664
14,2024,1525.6984824460894,1241.9863899697323,22.843413967142695,45,0.5376228834507477,-2.2004248910226956
14,2025,1020.9057932916137,1241.9863899697323,-17.800565164285448,39,0.5770614439324117,-1.5503133066993582
14,2026,738.7133065634243,1241.9863899697323,-40.52162628115215,46,0.5289820148489504,-2.342862361052972
15,2021,1113.955415744063,1439.6206408437167,-22.621600153550975,69,0.714733422939068,-0.8724475395655242
15,2022,1179.32890772759,1439.6206408437167,-18.08057801696827,73,0.7035180491551459,-1.130116351431719
15,2023,984.2245952604624,1439.6206408437167,-31.633058922825736,104,0.6906198156682027,-1.4264482046346683
15,2024,1878.8002336278487,1439.6206408437167,30.506619613813157,91,0.7311417315535781,-0.49547308763102005
15,2025,1269.3796942880338,1439.6206408437167,-11.82540328512587,87,0.7069532770097287,-1.0511933394275268
15,2026,1136.9610348802692,1439.6206408437167,-21.023566721443242,85,0.7015078725038403,-1.176299371218863
16,2021,878.8132118618536,1170.2436825552124,-24.903400465877677,44,0.6855396825396826,-0.6445751604201057
16,2022,947.1836279682849,1170.2436825552124,-19.060991989281984,41,0.6868872887864823,-0.6041454001643672
16,2023,647.69254136522,1170.2436825552124,-44.65319052601152,79,0.628926267281106,-2.3430436942357833
16,2024,1373.601343052026,1170.2436825552124,17.37737733843474,63,0.6591353355580274,-1.4367363875684407
16,2025,867.8862692799489,1170.2436825552124,-25.837132708554332,61,0.6522569764464926,-1.6430951889561796
16,2026,725.8418279763354,1170.2436825552124,-37.975155192338335,63,0.6399672299027138,-2.0118019291844336
17,2021,816.6429699106677,1169.8260663259373,-30.191077680847776,61,0.6521630184331797,-1.5351483495477098
17,2022,1053.9989349118114,1169.8260663259373,-9.901226750563286,57,0.678363287250384,-0.5611499407136131
17,2023,691.5224602329282,1169.8260663259373,-40.886728365970946,98,0.6387900025601638,-2.0322919579780776
17,2024,1475.9408407869553,1169.8260663259373,26.16754603720107,83,0.6741532876035101,-0.71765722641576
17,2025,1123.2356107824608,1169.8260663259373,-3.982682287957797,77,0.6717835381464413,-0.8057529714107449
17,2026,853.6362428399209,1169.8260663259373,-27.028789372002205,78,0.6602736815156169,-1.2336333921249838
18,2021,1124.4144372387789,1371.8492132536555,-18.036586938591324,55,0.7036626344086021,-0.5760772267203161
18,2022,1214.2265345789988,1371.8492132536555,-11.489796192747624,56,0.6940436507936508,-0.7344820654563247
18,2023,980.9790086042631,1371.8492132536555,-28.492213347730395,106,0.6438198924731182,-1.5615638711799877
18,2024,1681.2343320953273,1371.8492132536555,22.552414350837722,93,0.6322112532443456,-1.7527342378827642
18,2025,1255.247892912633,1371.8492132536555,-8.49957263630131,79,0.6488925371223758,-1.4780278667749323
18,2026,948.976409364794,1371.8492132536555,-30.825020694943692,81,0.6443565028161803,-1.5527270045982942
19,2021,1166.7160039306134,1327.7226191352195,-12.126524989795978,31,0.6274930235535074,-0.7069442461103501
19,2022,1103.615865238601,1327.7226191352195,-16.879034119535085,32,0.6069496287762417,-0.9748828554331724
19,2023,1010.1903736542516,1327.7226191352195,-23.91555592295211,67,0.5608721838197644,-1.5758510331196556
19,2024,1831.2525300917612,1327.7226191352195,37.924330255404094,67,0.5272079780002472,-2.0149187037278544
19,2025,1323.3158871097105,1327.7226191352195,-0.3319015554904979,44,0.5908529185867896,-1.1848252816775044
19,2026,868.0900776202873,1327.7226191352195,-34.61811487510117,53,0.5368278929851511,-1.8894503149437691
