fecha,lluvia,lluvia_n,lluvia3_anom,lluvia6_anom,gw,gw_z,thi_dias,t
1991-01-01,82.3490613696297,102.84894823025279,,,,,,
1991-02-01,29.872636017445522,101.98975304828137,,,,,,
1991-03-01,19.074628009895676,113.662778954528,-58.77685551071996,,,,,
1991-04-01,107.78546754277089,109.32177097655091,-51.77073075218921,,,,,
1991-05-01,110.64654175135864,97.0420434080879,-25.785343391036964,,,,,
1991-06-01,133.50968495973976,88.73324635873176,19.263029379995533,-21.245246300316655,,,,
1991-07-01,122.61699978393007,85.46243252895226,35.22205664855112,-12.194666348173733,,,,
1991-08-01,62.40402970537112,79.70051013006047,25.457067977802204,-3.1163479049212017,,,,
1991-09-01,78.98742151612406,91.84184539197503,2.7251099123678513,11.564586607410154,,,,
1991-10-01,149.11576870888663,117.23842032848478,0.5978389921478477,17.367631355225434,,,,
1991-11-01,65.35122269088355,98.25115911858865,-4.515324760694972,9.044015699679008,,,,
1991-12-01,121.97682425046517,110.25963881421481,3.2830769160492324,3.0370036330390704,,,,
1992-01-01,48.44365212429663,102.84894823025279,-24.27675639799183,-12.307384738782634,,,,
1992-02-01,69.22277788383582,101.98975304828137,-23.946519620490925,-14.352157109179087,,,,
1992-03-01,66.05858874976443,113.662778954528,-42.31580379988915,-19.259872651470044,,,,
1992-04-01,120.44412822666116,109.32177097655091,-21.309010430740738,-22.76113550920392,,,,
1992-05-01,92.70152398915592,97.0420434080879,-12.755925045991868,-18.30780561226405,,,,
1992-06-01,122.93888364731652,88.73324635873176,13.889489450187241,-15.285073234716906,,,,
1992-07-01,53.33049506560412,85.46243252895226,-0.8357316875060361,-11.994999208510105,,,,
1992-08-01,71.0411789945495,79.70051013006047,-2.5938283421080066,-8.260341833647145,,,,
1992-09-01,56.125425852566075,91.84184539197503,-29.768973846156342,-6.433634137627253,,,,
1992-10-01,78.29703127661668,117.23842032848478,-28.85134562070535,-15.282345066060032,,,,
1992-11-01,90.43124926048966,98.25115911858865,-26.83673447730578,-15.869381256492565,,,,
1992-12-01,71.24315192609747,110.25963881421481,-26.33246098208002,-27.84802372502091,,,,
1993-01-01,121.96415551715266,102.84894823025279,-8.903266976842627,-18.5020549543216,,,,
1993-02-01,118.93697152336108,101.98975304828137,-0.9375045026477125,-13.7255292707403,,,,
1993-03-01,76.2496171578014,113.662778954528,-0.4240909755768407,-13.52400890467882,,,,
1993-04-01,176.20325033665347,109.32177097655091,14.28283270797679,2.9378196254519873,,,,
1993-05-01,125.98048237707302,97.0420434080879,18.250594715565114,8.730990154422535,,,,
1993-06-01,80.24753043790112,88.73324635873176,29.59507701915294,14.01298416333956,,,,
1993-07-01,54.99217380289641,85.46243252895226,-3.693267880703477,6.104875248659702,,,,
1993-08-01,69.39307294575713,79.70051013006047,-19.402974113859926,1.593131512156143,,,,
1993-09-01,42.092112067023464,91.84184539197503,-35.22402439340967,-0.578376405372838,,,,
1993-10-01,159.1320834501378,117.23842032848478,-6.2897217912468495,-5.032162894401693,,,,
1993-11-01,161.71666725048618,98.25115911858865,18.0942895630416,1.1307401739908851,,,,
1993-12-01,124.93268339503246,110.25963881421481,36.84804417184775,5.062991636173653,,,,
1994-01-01,68.55918925693727,102.84894823025279,14.08300022072746,4.279878696679096,,,,
1994-02-01,60.02041198042834,101.98975304828137,-19.545026940549125,-0.960207539626079,,,,
1994-03-01,135.6042664060502,113.662778954528,-17.05411621632016,10.200160185825236,,,,
1994-04-01,61.85428086861941,109.32177097655091,-20.769440262034845,-3.716059201410149,,,,
1994-05-01,127.9149920276821,97.0420434080879,1.670781764538587,-8.8548105320439,,,,
1994-06-01,45.03161711986668,88.73324635873176,-20.43265716551429,-18.678953038979085,,,,
1994-07-01,81.27687464214779,85.46243252895226,-6.272814253882498,-14.174417597722776,,,,
1994-08-01,50.497205527241306,79.70051013006047,-30.362996792795894,-12.500557212710174,,,,
1994-09-01,110.96401972028002,91.84184539197503,-5.551137108966331,-13.50527245133235,,,,
1994-10-01,113.23499594539052,117.23842032848478,-4.8772480149090525,-5.553172487448787,,,,
1994-11-01,61.94603359164575,98.25115911858865,-6.893657423033661,-17.51105342712127,,,,
1994-12-01,88.70079937983022,110.25963881421481,-18.992337011472728,-13.064530948062336,,,,
1995-01-01,52.12460241737422,102.84894823025279,-34.87551365016187,-20.440690293704144,,,,
1995-02-01,79.90301363501025,101.98975304828137,-29.94935632880724,-18.56535576426499,,,,
1995-03-01,127.79572135275072,113.662778954528,-18.42319313084181,-18.710966469119917,,,,
1995-04-01,135.29339775511414,109.32177097655091,5.544386001701551,-14.23316591855368,,,,
1995-05-01,55.49912176049918,97.0420434080879,-0.4494477961331178,-15.084949761558608,,,,
1995-06-01,83.92581846522306,88.73324635873176,-6.9057694818100535,-12.884135197690682,,,,
1995-07-01,60.405486180249056,85.46243252895226,-26.3264619999774,-8.95477847862064,,,,
1995-08-01,19.633455936645507,79.70051013006047,-35.420550731205225,-15.920221973277338,,,,
1995-09-01,38.24553509137618,91.84184539197503,-53.975769048783626,-28.816971715034214,,,,
1995-10-01,102.02305596083147,117.23842032848478,-44.628569364457206,-35.764180185910135,,,,
1995-11-01,105.0306261134471,98.25115911858865,-20.184140852462573,-27.07700625504088,,,,
1995-12-01,23.713345929131194,110.25963881421481,-29.158071587969815,-40.10311358981256,,,,
1996-01-01,76.62536701559956,102.84894823025279,-34.041140003169254,-39.1356902844218,,,,
1996-02-01,65.49818692964807,101.98975304828137,-47.36979578325774,-33.946584786946424,,,,
1996-03-01,51.16272960450767,113.662778954528,-39.31385078388997,-34.17883557686454,,,,
1996-04-01,159.10183177884971,109.32177097655091,-15.143214160376361,-24.390013701199532,,,,
1996-05-01,17.589414912565044,97.0420434080879,-28.801549296735818,-38.0136323663155,,,,
1996-06-01,39.88016407847221,88.73324635873176,-26.610109153805826,-33.20425865624992,,,,
1996-07-01,35.69763077114262,85.46243252895226,-65.6510868128492,-38.12101359328734,,,,
1996-08-01,31.788629916377076,79.70051013006047,-57.71247091917233,-41.591375814482426,,,,
1996-09-01,130.48559491767566,91.84184539197503,-22.96958468885829,-24.915435932639408,,,,
1996-10-01,68.79825928958239,117.23842032848478,-19.983425682309374,-42.10196717446383,,,,
1996-11-01,75.22313764433856,98.25115911858865,-10.68046751309022,-31.957479071044038,,,,
1996-12-01,77.74482697773315,110.25963881421481,-31.921180012235006,-27.973368699257385,,,,
1997-01-01,79.32056085103858,102.84894823025279,-25.395453864655014,-22.79124761612694,,,,
1997-02-01,66.42253908813674,101.98975304828137,-29.073594341650622,-19.99178914217371,,,,
1997-03-01,49.441255787550276,113.662778954528,-38.71791252464503,-35.28131508234041,,,,
1997-04-01,52.93886163701386,109.32177097655091,-48.05661402605674,-36.96845508638751,,,,
1997-05-01,90.04542323455587,97.0420434080879,-39.87201543117204,-34.5147000719011,,,,
1997-06-01,83.12347405639733,88.73324635873176,-23.378512019609598,-31.340756778156386,,,,
1997-07-01,26.473238201409583,85.46243252895226,-26.395881147142784,-38.20238834749456,,,,
1997-08-01,77.72139418740382,79.70051013006047,-26.222560815152974,-33.83366913143803,,,,
1997-09-01,46.26047854694864,91.84184539197503,-41.45824594290715,-31.79467326797748,,,,
1997-10-01,125.4837096872431,117.23842032848478,-13.614200361202434,-19.804842268506807,,,,
1997-11-01,116.07147123504491,98.25115911858865,-6.350071548990577,-15.340272968876734,,,,
1997-12-01,266.6166806654929,110.25963881421481,56.00094585036541,13.019724513160934,,,,
1998-01-01,172.26722544470263,102.84894823025279,78.23607071371885,34.03876763193108,,,,
1998-02-01,103.31481346565153,101.98975304828137,72.0728580849557,33.35068883410999,,,,
1998-03-01,102.47642368732141,113.662778954528,18.69912262920499,37.55985461197413,,,,
1998-04-01,109.92652058710874,109.32177097655091,-2.8483929819726472,36.8264257206923,,,,
1998-05-01,61.8890396737509,97.0420434080879,-14.290877802931789,28.555920346583964,,,,
1998-06-01,61.43498732253436,88.73324635873176,-20.95802411727883,-0.3731317209000773,,,,
1998-07-01,93.48545054026059,85.46243252895226,-20.066620637624546,-10.681567512684143,,,,
1998-08-01,27.169220989629835,79.70051013006047,-28.281846388919707,-20.480305568913447,,,,
1998-09-01,71.8914472831538,91.84184539197503,-25.080726988306324,-22.877152589460913,,,,
1998-10-01,46.35425007362354,117.23842032848478,-49.64522208303875,-35.31920872579284,,,,
1998-11-01,96.4462170756747,98.25115911858865,-30.143194909245718,-29.30113139690902,,,,
1998-12-01,126.09480899435847,110.25963881421481,-17.453285819408514,-20.817121811526118,,,,
1999-01-01,97.69338958313824,102.84894823025279,2.850294426135469,-22.40994951694921,,,,
1999-02-01,134.57892803419526,101.98975304828137,13.731835752040734,-7.931934921695671,,,,
1999-03-01,158.2609858082784,113.662778954528,22.615851938848365,2.3558967200795866,,,,
1999-04-01,52.72589451250012,109.32177097655091,6.336348808761438,4.6306142041967036,,,,
1999-05-01,43.016839197485425,97.0420434080879,-20.63043359366429,-3.5826159711613736,,,,
1999-06-01,86.7658982080462,88.73324635873176,-38.15301600826538,-6.609632019047895,,,,
1999-07-01,127.69091754988506,85.46243252895226,-5.074540231297986,1.1451359157185204,,,,
1999-08-01,69.71992078818381,79.70051013006047,11.926349759528797,-6.227723901419324,,,,
1999-09-01,74.94237595599195,91.84184539197503,5.972039026770215,-17.612692801991482,,,,
1999-10-01,40.16882528798488,117.23842032848478,-35.996043542789856,-21.019613021419325,,,,
1999-11-01,33.649572273528854,98.25115911858865,-51.595977015558134,-22.85883670469352,,,,
1999-12-01,70.549189894174,110.25963881421481,-55.68137101717052,-28.491130522328234,,,,
2000-01-01,45.405953881217435,102.84894823025279,-51.95116970240152,-44.27374492910591,,,,
2000-02-01,70.51174800330729,101.98975304828137,-40.822635966977074,-46.142089568461294,,,,
2000-03-01,97.67974182455669,113.662778954528,-32.936750073254814,-44.43699758473632,,,,
2000-04-01,174.7363446413463,109.32177097655091,5.524600353090148,-22.598429051232806,,,,
2000-05-01,250.5945430401131,97.0420434080879,63.42724023304063,11.706765698999199,,,,
2000-06-01,116.13573559933754,88.73324635873176,83.48763688692931,23.055062319465193,,,,
2000-07-01,94.96421314120947,85.46243252895226,70.21765552108714,34.955735902603394,,,,
2000-08-01,94.98840068934886,79.70051013006047,20.556496186125784,44.46176461772022,,,,
2000-09-01,130.5119328603183,91.84184539197503,24.692053062956543,56.11814592794771,,,,
2000-10-01,120.04561601327447,117.23842032848478,19.656839533461312,44.145317344986765,,,,
2000-11-01,106.39067464482713,98.25115911858865,16.144394835430887,18.140404459410874,,,,
2000-12-01,116.84841142373622,110.25963881421481,5.38312383806987,13.89870195367411,,,,
2001-01-01,158.7239906612779,102.84894823025279,22.67580553904058,21.223113522123583,0.6651746789507531,0.5909324298556123,20.24848358006543,24.478513904878184
2001-02-01,108.6720000515377,101.98975304828137,21.944280005870453,19.08052400678293,0.6741776676305989,0.4442339161253144,17.247950569275062,24.136969364246752
2001-03-01,269.48351634584924,113.662778954528,68.56421096247507,36.61827782220417,0.7017038192539475,0.93046025845557645,16.259746565481127,22.757223115355796
2001-04-01,57.098708679646556,109.32177097655091,33.93496688403614,28.425832769475967,0.7080846243599308,0.5141799754390544,0.10030671847335851,17.053135548883123
2001-05-01,85.86815066040081,97.0420434080879,28.880031931839568,25.439064959626954,0.7300977644336297,0.3879030826794201,0.006450522957531891,13.332047780207615
2001-06-01,108.99675391640068,88.73324635873176,-14.616698444324127,28.560136251271008,0.7987647849387466,1.0226407029928248,0,12.076567666987124
2001-07-01,85.25215626241693,85.46243252895226,3.2736370399704118,19.986054556033437,0.8113091611960949,0.7576178442568374,0,10.047439759790718
2001-08-01,119.78634460750195,79.70051013006047,23.686478320622605,26.582469420150858,0.8279056168783309,0.8608377455853051,0,14.587462294465498
2001-09-01,83.60573876483288,91.84184539197503,12.310841297434095,-2.081861513099159,0.8295006742098762,0.8376339571997299,0,13.439065372392196
2001-10-01,208.74107687406018,117.23842032848478,42.71488780116197,23.612027705695304,0.8222252417573258,1.0634080268568804,1.2425722822333645,17.595012703183574
2001-11-01,157.10691986378038,98.25115911858865,46.24398911958172,36.039099188695786,0.7943925291754469,1.5611276356412982,1.8425594431583152,18.324316504165466
2001-12-01,65.33513388758375,110.25963881421481,32.36658952764271,23.521651067714444,0.714062845559525,1.30920969886587,6.176269573031052,20.795749989899722
2002-01-01,121.75737918253834,102.84894823025279,10.547184462839464,26.02591650413293,0.670109500151771,0.7217617133925576,13.871508077143433,23.355098582843627
2002-02-01,76.23232287424935,101.98975304828137,-16.430903486555348,14.515502247092439,0.6604379089461213,0.1359721757268655,4.7266133300546285,21.77508471553468
2002-03-01,359.90476903575507,113.662778954528,75.16228517503458,53.52371429778753,0.7446517967648046,2.00801530225804,11.131110265033707,21.92033381377505
2002-04-01,195.31557660192846,109.32177097655091,94.308492309325,53.32388747085211,0.8186818917886709,2.505252524128714,0.6038686597942964,16.242188098796387
2002-05-01,164.54060165921004,97.0420434080879,124.90660535016383,54.78620527919331,0.8424813617333143,2.2816915141946716,0.18831168339975543,14.771441609758769
2002-06-01,44.25512999155146,88.73324635873176,36.94182762603759,56.780975687193134,0.8662094095645536,2.105321482018193,0,9.405600654141285
2002-07-01,112.03730034289487,85.46243252895226,18.284812775342175,59.722659076884746,0.8861825687696668,1.8661647430748531,0,9.351295707144217
2002-08-01,80.16787503068467,79.70051013006047,-6.867327831925407,66.61148190269427,0.8729705193155721,1.567426343921161,0.1059664971950996,12.359580652806542
2002-09-01,109.73474786315997,91.84184539197503,17.48416265958319,27.88423603928425,0.8625654406644814,1.337118680711132,1.062536814161258e-8,12.693858668127007
2002-10-01,149.57222727592708,117.23842032848478,17.5545183608385,17.90822702269694,0.8328753379269894,1.2097590513841423,1.6554517220821254,17.602662123345024
2002-11-01,144.3451083816796,98.25115911858865,31.340972935703526,14.055754400073695,0.7741601726274401,1.2249046692239207,4.365418762114887,19.573644144406686
2002-12-01,207.94887631327154,110.25963881421481,54.065208398542964,37.93232247242382,0.7373600084135961,1.8479349110991412,6.2202691674306445,21.030519772629745
2003-01-01,57.41688849558109,102.84894823025279,31.587617936960434,24.83505043896299,0.6875726062592358,1.1847340415283856,15.559798997644121,23.91136230712922
2003-02-01,194.88088654880463,101.98975304828137,46.06444807744274,38.79457306690421,0.7033117618128536,1.0978790625790338,12.447720072721243,22.813851702327092
2003-03-01,102.25024402882963,113.662778954528,11.317542013863257,32.93182809822031,0.6860331011799233,0.5372854856411298,8.367277871887623,20.96232397083371
2003-04-01,88.18591705021866,109.32177097655091,18.56846652035904,24.93876791440588,0.6806593305171199,0.020444904223557908,0.018905016260073917,16.312139739893183
2003-05-01,129.14723547871282,97.0420434080879,-0.13848748529970978,22.78372440861114,0.7241667339137718,0.28795863121717574,0,13.855299870292445
2003-06-01,86.38635271308586,88.73324635873176,2.9219011795394545,7.279838584315623,0.7655418001389884,0.48931596044860415,0,11.462963387332838
2003-07-01,66.413689180589,85.46243252895226,3.94840178791116,11.917287259061936,0.7954821784849267,0.5232896205163622,0,9.450202792763546
2003-08-01,86.38766905325595,79.70051013006047,-5.793107067781067,-2.64001975840662,0.8141152241255337,0.6446132835603434,0,9.880887641607618
2003-09-01,147.51584860603754,91.84184539197503,16.852767264515656,9.406754098171067,0.8243517534005308,0.7598530573899936,0.01191889036507276,12.396227735125388
2003-10-01,78.80811469411147,117.23842032848478,8.28685927323356,6.18558345736131,0.7791178269827078,0.4710364448088815,0.03375301478827626,16.636115215151527
2003-11-01,175.75288232774145,98.25115911858865,30.828419462298996,14.261048590964599,0.741604964590163,0.68389954247775,1.5984419701276567,18.87257889284122
2003-12-01,106.92860045619835,110.25963881421481,10.971746734352926,13.565380443441576,0.6985663826529427,0.9508684141134744,3.9625675538382876,20.354842138619478
2004-01-01,82.978949549052,102.84894823025279,17.439854328985362,13.035537478845761,0.6376019120019899,-0.14006170308152724,20.48399279200349,24.33847489315583
2004-02-01,64.58550244303343,101.98975304828137,-19.23376925014142,5.4849775939165735,0.6437961533388336,-0.23739803146489244,6.926943048863952,22.274311475405213
2004-03-01,35.87409055151719,113.662778954528,-42.40574881806759,-15.416756039973079,0.6135289544846569,-1.2818271593798776,5.122308189434271,22.269573209559216
2004-04-01,193.1397903347117,109.32177097655091,-9.65458479715261,3.6027879618786063,0.6586531308927512,-0.37573070654636087,6.936935542276003,19.072280553894615
2004-05-01,63.07698382019611,97.0420434080879,-8.729189765531542,-13.94072435461997,0.7153213870021152,0.13890471181499384,0,12.449355800353423
2004-06-01,66.16759300622469,88.73324635873176,9.246891971415527,-17.564518830209707,0.7253282606387859,-0.15622735030454335,0,11.652214456741866
2004-07-01,72.6527555150089,85.46243252895226,-25.564434536406345,-16.892532410422845,0.7427011259150514,-0.2581663601693396,0,10.029482307388323
2004-08-01,56.038274161755446,79.70051013006047,-23.25263981438863,-15.154180604283841,0.751672644291717,-0.33444608581687607,0,12.432989813270776
2004-09-01,77.77770597131916,91.84184539197503,-19.663467278624513,-4.210952387844991,0.7460452949614821,-0.4230641059985221,0.030742719338258163,13.990617657990855
2004-10-01,126.33079640629612,117.23842032848478,-9.915479736078836,-17.494848757638394,0.7067912566082374,-0.5228576483729254,0.006641748150700164,15.828729035114057
2004-11-01,98.60335122284378,98.25115911858865,-1.5031236200491738,-11.342481375050095,0.6974161934250848,-0.05043309387176823,0.8684764354173631,18.580948618394665
2004-12-01,61.44831071692596,110.25963881421481,-12.084989835231374,-15.427231961396615,0.6324119392142094,-0.5788915315478004,6.99577756821925,22.775888511158115
2005-01-01,155.35610911713005,102.84894823025279,1.3001118300384418,-4.0967029413071065,0.612057793677286,-0.8172734120517879,18.415593189242973,25.456618217668133
2005-02-01,88.65470261760504,101.98975304828137,-3.059114065231383,-2.2908269628204136,0.6737356303104225,0.4343164789440777,10.391023826415394,22.73765722034484
2005-03-01,126.36717856933433,113.662778954528,16.287682566827243,1.9417518964311098,0.6415066536950248,-0.5798730128662521,5.5665146403602845,20.625824419908763
2005-04-01,179.99698475714115,109.32177097655091,21.55387743663193,11.643662312022762,0.7145627213743708,0.6308045669237456,0.05575899170218383,15.88163422247959
2005-05-01,128.52660218865313,97.0420434080879,35.892071023681396,16.567599380217636,0.7422060083648344,0.5919404407445239,0.010327222170998357,13.744637114269272
2005-06-01,182.39526061174993,88.73324635873176,66.35843350011166,40.368136549186275,0.8179478490528698,1.3305842183493528,0,13.270726594766504
2005-07-01,77.24797502709289,85.46243252895226,43.1105653527849,31.36076941926167,0.8397789566768068,1.1791306952528982,0,11.005670758592096
2005-08-01,81.85105523439333,79.70051013006047,34.50154261644689,35.276918821728565,0.8282320567390337,0.8659561120110656,0,12.093854114143994
2005-09-01,92.90963366433918,91.84184539197503,-1.9439809518923101,34.563489165218876,0.8280643642461697,0.8159366956726133,0,12.186958019608001
2005-10-01,60.98553059083788,117.23842032848478,-18.364988529708025,11.409901526874622,0.7794040392721474,0.4749695042972167,0.0012489740393554524,14.967798843018992
2005-11-01,39.18640718355036,98.25115911858865,-37.174803539909554,-4.748831113579177,0.6929640333873323,-0.12441945583144413,4.147072978194314,19.96433185440853
2005-12-01,59.59515591509845,110.25963881421481,-50.95395944700773,-29.339695110623243,0.6398790494125394,-0.4062215566001161,2.6314962737230165,20.404156428077588
2006-01-01,173.7644850711888,102.84894823025279,-12.465868973599514,-15.304458036928004,0.6544340738625292,0.30618337589682326,13.898677641368579,23.551269639476892
2006-02-01,67.8648165326855,101.98975304828137,-4.403032580143851,-20.584448751119165,0.6255082169830493,-0.6477015323334351,12.901402982331074,23.504190754568828
2006-03-01,125.77737130684848,113.662778954528,15.354777202879678,-18.17257352886945,0.6633143358240148,-0.032723199681369664,3.0871367353705232,20.035691719147376
2006-04-01,51.63610634449068,109.32177097655091,-24.52378790097668,-18.623819823608223,0.6562716919920832,-0.4186035345261014,0.14576869397818645,17.43779616696565
2006-05-01,20.366078938960108,97.0420434080879,-38.19902448522744,-21.432148567544107,0.6573883451121219,-0.8373313864226785,0,12.35195107743375
2006-06-01,222.72736246338687,88.73324635873176,-0.12453970080458232,7.910331664721482,0.716155219293615,-0.30348112485993295,0,11.13144655691128
2006-07-01,73.37621943083096,85.46243252895226,16.676123864542227,-5.780505725631013,0.757025223282901,-0.04608927926589587,0,12.663031067632001
2006-08-01,71.00987174311334,79.70051013006047,44.59195116618078,-1.5733426877041712,0.7660429598956774,-0.10912880760048828,0,10.400019202032718
2006-09-01,58.7035785222908,91.84184539197503,-20.978254437834188,-9.831995938760995,0.7427926656290219,-0.47219914722252176,0,12.519850614615324
2006-10-01,155.97977711487798,117.23842032848478,-1.0691669004436632,7.525535354040835,0.7187634518542578,-0.35833866073350695,0.44174257698621666,17.835958824526994
2006-11-01,100.29838955384703,98.25115911858865,2.489273707032691,21.536286167557584,0.6792494735682236,-0.352329139735445,1.298933710527173,18.860000981188584
2006-12-01,152.21527891863934,110.25963881421481,25.4012051871467,4.947046036415403,0.647156053899005,-0.2379475993397533,17.60943730668147,24.296687630875677
2007-01-01,62.75006194824415,102.84894823025279,1.2538500258250318,0.13604077003444015,0.6180871199567918,-0.6574272078579011,16.787262750952785,24.796171617816338
2007-02-01,126.54752278568866,101.98975304828137,8.382945956506171,5.472881573316624,0.6244891700769828,-0.6705646102102389,15.2576087167956,24.360963277093294
2007-03-01,335.11334888152095,113.662778954528,64.64944942538986,44.80455844022635,0.7324959873427103,1.7030287926844976,5.45122622364304,21.07065794517487
2007-04-01,169.84607897882637,109.32177097655091,94.32519582514318,48.785167529966955,0.8040182439941335,2.241264206278375,1.9450081991915027,17.463296116860853
2007-05-01,128.4187782457969,97.0420434080879,97.91424190641706,53.49595307034547,0.8516054317624688,2.4354422276859924,0.007699507622255485,10.879027672490382
2007-06-01,68.16183322456955,88.73324635873176,24.171582572234996,45.18248733887751,0.8398864228775087,1.6827616132262304,0,8.525339893621362
2007-07-01,27.820680297755917,85.46243252895226,-17.267668424297078,43.55769527110509,0.8383752519859914,1.1583479830418812,0,6.963587233835096
2007-08-01,77.36525250653868,79.70051013006047,-31.724943686827423,40.56350382573266,0.8450501811977327,1.129653453960478,0,8.71061101177276
2007-09-01,126.54409178534868,91.84184539197503,-9.83435509237679,8.34173374804832,0.85902459351151494,1.283629748205781,1.062536814161258e-8,15.43418673456331
2007-10-01,208.7476678338484,117.23842032848478,42.896289031142686,13.756653753862413,0.8683546765087626,1.6973074705038282,0.07184073333577903,17.402301139233565
2007-11-01,51.53059834641024,98.25115911858865,25.86488940016103,-0.18842441751115713,0.7822370332653954,1.3591266041028125,0.11653353029472004,17.246063821091106
2007-12-01,48.458637074716854,110.25963881421481,-5.222519058408581,-7.256420034802346,0.6698173362174629,0.2860734672149665,5.443179455082839,21.36614293334443
2008-01-01,94.87799894288001,102.84894823025279,-37.414120879339066,1.2303325980043134,0.6328839309767392,-0.2651422383493775,12.981034956253879,23.760660745705607
2008-02-01,66.10726033954768,101.98975304828137,-33.5306252976468,-4.203447855986219,0.6222899121978891,-0.7199066020867286,17.810298522874557,23.903696269708206
2008-03-01,62.20217777238855,113.662778954528,-29.92577714505448,-17.435193853428732,0.6595011084977366,-0.1283962110020477,2.00300521191972,20.884829178887948
2008-04-01,31.56726038991957,109.32177097655091,-50.80327981747841,-44.251932873315646,0.6300987999638238,-0.8897917297576213,0.024302411875291825,17.029452132962838
2008-05-01,64.30694703305286,97.0420434080879,-50.60523453817154,-42.13417515092674,0.6480372554299478,-0.9949076332030659,0.6190619018572137,14.013550159580443
2008-06-01,53.80170074943706,88.73324635873176,-49.279092175515,-39.23333901122382,0.6891448076337094,-0.7370761474431362,0,9.736424875990025
2008-07-01,76.06382188418803,85.46243252895226,-28.412439087310272,-40.61690251800075,0.7140492627823979,-0.6823748348517759,0,12.628710829418084
2008-08-01,58.42380869636833,79.70051013006047,-25.840032472155738,-39.64942198270213,0.7189672407797129,-0.8472457142580612,0,10.817760573848577
2008-09-01,46.75117670241841,91.84184539197503,-29.480377133278,-40.062740927600075,0.7066575556665461,-1.018065256195069,0,12.808979442408958
2008-10-01,66.64475155916449,117.23842032848478,-40.50167070439302,-34.64640760330351,0.662869751126158,-1.1264162664060522,0.06335480786200581,16.636990803257607
2008-11-01,34.25485560910935,98.25115911858865,-51.95714725625017,-40.14191267388231,0.6069569945550365,-1.553691506289544,10.308282850471603,23.24395393058433
2008-12-01,44.410836517283386,110.25963881421481,-55.39192865568088,-43.96447773307174,0.6070893054315392,-1.1644538742384067,13.255527047619045,23.434851849964804
2009-01-01,80.31504884925054,102.84894823025279,-48.939854000142155,-44.87949641798874,0.5998500780524055,-1.1409176990011223,14.576203111884594,24.456001283223625
2009-02-01,138.7740148046242,101.98975304828137,-16.375344886425903,-33.944244442278226,0.6528559445638896,-0.034134853790782,10.01098220076536,23.148799329436926
2009-03-01,154.11634085481293,113.662778954528,17.175406605833075,-19.51644764902155,0.6917603625957502,0.6809811794427625,5.073552985822372,21.512159011985403
2009-04-01,31.577516161594833,109.32177097655091,-0.15583729349839537,-24.025971351334096,0.6402361913701357,-0.7072891940829933,0.006450522957531891,17.674798424044987
2009-05-01,91.92791005100986,97.0420434080879,-13.250407045644552,-14.8007519851867,0.6512373828072553,-0.9409819327259811,0.00626837802688797,14.473086789519483
2009-06-01,88.69751802285148,88.73324635873176,-28.090458203513847,-4.594240427532503,0.6867307552422053,-0.7758286520102933,0,9.240796850802743
2009-07-01,105.17253200821963,85.46243252895226,5.36807257599361,2.357182685387027,0.7427560767410444,-0.25735277935719203,0,7.995697258338359
2009-08-01,67.56703302056894,79.70051013006047,2.970069800208197,-6.074672989052465,0.7463732686406355,-0.41753687733844935,0.03841888984465108,12.441650167888856
2009-09-01,90.63299867399054,91.84184539197503,2.477687555971908,-13.860910088099876,0.7604524404341342,-0.20542612319662298,0,12.056855980550433
2009-10-01,189.89397195071467,117.23842032848478,20.539188462273472,13.191254543482067,0.7336648840142497,-0.15356681371954917,0.9784134871194399,15.291842514025774
2009-11-01,247.36376138558725,98.25115911858865,71.76594690463314,40.64308233830835,0.7478217970439249,0.7872113758948799,3.8129444000734236,20.067688519785058
2009-12-01,198.02572739636733,110.25963881421481,95.02225181799182,54.20846784430209,0.7171015480042477,1.3794768652887093,9.770816574244536,21.24704526776324
2010-01-01,153.8377334168373,102.84894823025279,92.45494306286533,57.84990199722515,0.68547423178886,1.1291030840187493,19.607353634091755,24.25897537461953
2010-02-01,300.7236516447284,101.98975304828137,107.10585535482178,89.65639353663879,0.7656756075106049,2.4970584844452794,13.54920985749209,22.905280760841737
2010-03-01,81.40679248438863,113.662778954528,68.27808057713322,81.80060045195194,0.7231321894120746,1.4680932200663728,4.96202163809559,20.922025560094717
2010-04-01,73.56176540640088,109.32177097655091,40.22407475229195,65.78076140291695,0.7040207116999057,0.44101772536029926,0.07027547653074949,16.23180661896754
2010-05-01,105.84160932632088,97.0420434080879,-18.50359543692619,43.81379656117026,0.7046019161014254,-0.04173027826774222,0,14.224982293817279
2010-06-01,85.81398791873342,88.73324635873176,-10.12537977052238,30.571617546949437,0.7685175236549594,0.5370849067851041,0,10.54466089999364
2010-07-01,151.98296289418968,85.46243252895226,26.69276132783709,34.06820657565521,0.8058218151373503,0.6763743072883175,0,9.2665164940435
2010-08-01,49.31183418853761,79.70051013006047,13.081171526129133,-4.530893516990386,0.8324841130864776,0.9326256124891728,0,10.07542048985296
2010-09-01,154.16347528333182,91.84184539197503,38.30803506101952,12.420495669938902,0.85247629752653,1.1847095331175692,0,13.281068573852009
2010-10-01,37.16562080084372,117.23842032848478,-16.670031249838267,4.3321769452207,0.7835920954859422,0.5325207515256251,0,14.928702894526173
2010-11-01,40.38681465019727,98.25115911858865,-24.603899241438132,-7.555386989881652,0.7015502587081828,0.01826714327303636,0.194360036261672,18.156641206390187
2010-12-01,43.536587285776676,110.25963881421481,-62.82753236273605,-18.22496457493028,0.6287660737534768,-0.6631987777309497,12.071838257005188,23.19227833279917
2011-01-01,89.80485769321882,102.84894823025279,-44.20336547351472,-30.95463900494092,0.6200881339775466,-0.6043774173956372,21.725112699749157,24.932910768887425
2011-02-01,72.52677062865986,101.98975304828137,-34.665407774900316,-29.69742917259488,0.6263496082333067,-0.6288242916833943,8.826234090256092,22.854291403618152
2011-03-01,60.3041691366141,113.662778954528,-30.09897558542587,-46.647350014735814,0.6220244348409826,-1.0686774783461375,6.547448540862842,20.855105605266367
2011-04-01,91.06033419254832,109.32177097655091,-31.104929865164742,-37.51402520061836,0.6459235434339042,-0.6049003120412256,0.011392296323071831,17.335265179303345
2011-05-01,69.15910955787075,97.0420434080879,-31.092097507871653,-32.864889087148875,0.676539582954592,-0.5146117587660459,0,12.595575134140942
2011-06-01,125.76402450715139,88.73324635873176,-3.088337261930807,-17.108788279273558,0.7239615845480523,-0.17816644393580383,0,9.874356789515772
2011-07-01,127.33241563543358,85.46243252895226,18.80926700492318,-8.397214328870783,0.7662340762995573,0.09025345955301352,0,8.52798226369206
2011-08-01,86.09315753632812,79.70051013006047,33.593812097434615,-2.4758682226572404,0.7972115510764577,0.37957459490218626,0,9.941004019904113
2011-09-01,41.18514370272164,91.84184539197503,-0.9315278499906654,-2.0843370996554755,0.7672472981593045,-0.10278128411041491,8.591628406940675e-5,12.90925128564135
2011-10-01,93.36489564126067,117.23842032848478,-23.594915128796345,-3.056997513866766,0.7397055797732515,-0.0705570456288521,0.006536439241601298,15.699081560065661
2011-11-01,91.69054733705102,98.25115911858865,-26.38546910732703,0.7488174849903162,0.6738563664702081,-0.4419522373908705,3.8230663777634386,20.274065513431534
2011-12-01,64.95863189039424,110.25963881421481,-23.24952421891433,-13.406894456804519,0.6435114015630309,-0.32222679314171604,2.9376122237160622,21.07430938493089
2012-01-01,38.27617690634972,102.84894823025279,-37.39545380033989,-30.7547919577568,0.6068648149891677,-0.9549468258421422,15.848249411650015,24.71302355254456
2012-02-01,160.3958897329948,101.98975304828137,-16.33383455712929,-21.296937773461156,0.6472100744713576,-0.16080416296530806,15.474601594195613,24.061155496088848
2012-03-01,128.2021286962163,113.662778954528,2.6287837332410247,-10.455934071552175,0.6687479905599717,0.10360596891641537,9.285562191728104,20.62767346510612
2012-04-01,63.605088992196876,109.32177097655091,8.378756163922606,-14.018672379300668,0.6512004620962865,-0.5099004252030893,0.04895851799476067,16.52591616725942
2012-05-01,75.07906297202331,97.0420434080879,-16.6049677697915,-16.47045309282513,0.6645628501809246,-0.716433007765917,1.8215555601206268e-4,15.500290019752955
2012-06-01,73.6543373888481,88.73324635873176,-28.044525818667086,-12.12288676068749,0.6922206486606295,-0.6877000262524531,1.718325681388135e-4,10.05139052436121
2012-07-01,27.71459407355664,85.46243252895226,-34.94710361782944,-11.331694188509367,0.7101766805601314,-0.7397107990082487,0,7.268159948506548
2012-08-01,166.26846386954603,79.70051013006047,5.412135710806543,-6.864879314029837,0.7457846665246283,-0.426765778803536,0,13.344567252705072
2012-09-01,113.36260130379594,91.84184539197503,19.587522698574645,-5.871688396838904,0.7612297674288386,-0.19368362504346195,0.019002978612550205,14.051169335949295
2012-10-01,237.06412493064855,117.23842032848478,78.92298702440085,23.771480198025618,0.7868260350020078,0.5769607597561177,0.06669321556568424,17.084076049052285
2012-11-01,59.87678475834034,98.25115911858865,33.505225249147095,20.796070896419614,0.7236074318379523,0.3848150618447548,3.7290772688977154,20.368421212295562
2012-12-01,243.1804253793965,110.25963881421481,65.80894282765284,45.424481880122556,0.6986545230890279,0.9529065796804043,10.712024143092538,22.763887325659198
2013-01-01,62.81188673316435,102.84894823025279,17.506871514244793,47.05960597590278,0.6487455113404811,0.15537131426404008,15.951195248082836,23.644921926007203
2013-02-01,99.64448101457998,101.98975304828137,28.733395741704616,31.089538144007633,0.6351336085514482,-0.4317486888352951,11.465614335695696,22.552461301489217
2013-03-01,82.02655239556664,113.662778954528,-23.239628285428516,21.785549793792992,0.6444228129220542,-0.5067072372992368,1.1541322167162287,18.795980939661167
2013-04-01,107.70193532131331,109.32177097655091,-10.955122888643121,2.9713978822014653,0.671404520165133,-0.14616860498491277,0.006354283685589235,17.18202203948909
2013-05-01,117.67994392606094,97.0420434080879,-3.9428478629127794,12.268498249174598,0.7158222034530254,0.14734402523648052,0,13.023299622064537
2013-06-01,22.233964983262076,88.73324635873176,-16.090033697091265,-19.8011840786225,0.7005767071851932,-0.5535611826729985,0,10.103072575197771
2013-07-01,78.73796916376722,85.46243252895226,-19.387363887881104,-14.791244512367319,0.7311518560705754,-0.42916041112295683,0,9.82542821431808
2013-08-01,43.27414733150535,79.70051013006047,-43.18698439839385,-21.303958127140444,0.7288024799628438,-0.693035508691004,0,9.7319375198486
2013-09-01,142.83575215557065,91.84184539197503,3.0517254792542747,-7.179497043786009,0.7398840438857095,-0.5161375228119041,1.4363369747793697,13.212213452339128
2013-10-01,73.20210413430974,117.23842032848478,-10.204547772386451,-14.652126085731787,0.7034704209401941,-0.5684917623341857,0.007603257724944688,16.486325432375747
2013-11-01,137.7515481060338,98.25115911858865,15.11657312010839,-11.25962558187108,0.6958016480548977,-0.07726374172495662,1.124424163585862,19.528277397792696
2013-12-01,45.12286833877561,110.25963881421481,-21.388446625920555,-10.609899959946656,0.62229550536840506,-0.8128246505615785,19.468256048281518,25.487682163950858
2014-01-01,222.83947973258313,102.84894823025279,30.303901251552247,10.811697495029993,0.6666152059930788,0.6291228957683773,19.476329635182363,24.55797669402629
2014-02-01,208.80235099672032,101.98975304828137,51.306636184672925,33.43740133555484,0.7730257327152533,2.6619640289866946,11.968475618105192,22.263804803179948
2014-03-01,101.2058203769239,113.662778954528,67.29832800661345,22.45608324975139,0.724779801382706,1.5094314318304642,0.20570014697456362,18.917900655074536
2014-04-01,119.03936505423358,109.32177097655091,32.025065518835014,31.18289579667679,0.7362537362774103,1.02130593581595,2.5986721648324766,16.617340058429086
2014-05-01,101.45211406243612,97.0420434080879,0.5220522885284629,25.717312694238004,0.7504566966583417,0.7309737019829613,0,13.110390498642385
2014-06-01,64.71782922000045,88.73324635873176,-3.3506780385383794,33.32120349261356,0.7741547650029011,0.6275788918581297,0,9.777846136038853
2014-07-01,142.67933823782374,85.46243252895226,13.86664026896478,23.764162188379736,0.8047371590643725,0.6603153063031922,0,10.467526182766262
2014-08-01,24.86049704765406,79.70051013006047,-8.522587359810263,-3.479182038363793,0.8001402339159833,0.4254944524994054,0,12.202590691765858
2014-09-01,174.3383345427305,91.84184539197503,33.024046914014036,13.581847178064788,0.8121216300237484,0.5751017208956243,0,14.205074503036734
2014-10-01,181.94330622537544,117.23842032848478,31.983209994922966,23.208683573837142,0.798603627248928,0.7388055604360304,2.8310438988514766,18.203927953090826
2014-11-01,204.68878903631685,98.25115911858865,82.52947289663165,41.3380373176554,0.7789072584633039,1.3037921323716224,0.4809284430035731,18.739235513052094
2014-12-01,137.33828391590524,110.25963881421481,60.850847770051494,48.57873813429092,0.7327483162959704,1.7412938222084282,9.295608055124704,21.604726473115353
2015-01-01,199.0068382064966,102.84894823025279,73.76488702408696,53.660020469942026,0.717585167767136,1.980410674833197,14.508470554152133,22.975729683212485
2015-02-01,32.26579112672914,101.98975304828137,16.982816583746718,49.34718669108189,0.6594522438433262,0.11385804352009761,12.892098540654077,23.18916958619262
2015-03-01,52.63873143136744,113.662778954528,-10.860269611041629,25.398659532733923,0.6347418187153453,-0.7496011927555665,9.752450549351831,21.701049776198573
2015-04-01,41.68868556622394,109.32177097655091,-61.04516358256158,4.917711095735999,0.6229108651268731,-1.0191954670140042,0.00993970684875817,18.454307368885612
2015-05-01,52.31840557619513,97.0420434080879,-54.17698852970945,-18.8731683011226,0.6458933895051258,-1.031034155086159,0,15.100071025025931
2015-06-01,44.25444759984358,88.73324635873176,-53.14709729945396,-31.197212621294213,0.6373699477687642,-1.568212000352295,0.0834252129945913,11.636757338527424
2015-07-01,35.48112330987141,85.46243252895226,-51.314302683197035,-56.61825430460355,0.650998831015777,-1.6158752974204784,0,10.670835082265366
2015-08-01,227.1435588098988,79.70051013006047,20.867954303231517,-20.97805380178095,0.7508659832449386,-0.3470940106441638,0.04552438050554197,13.90703626007855
2015-09-01,53.71082639575718,91.84184539197503,23.085453354576725,-17.660654777645213,0.7338376007361436,-0.6074766220592757,0,12.416360809568113
2015-10-01,99.88345756263517,117.23842032848478,31.84320931576483,-8.433056952299845,0.7289193140107397,-0.2187792794959459,0.03569345210275984,14.470900591276756
2015-11-01,97.5624243219768,98.25115911858865,-18.27822084516686,-0.5687132596480571,0.676503734771434,-0.3979580530591793,0.21696050154911073,18.867525188201814
2015-12-01,151.38168662323125,110.25963881421481,7.084698581853099,14.1413134561849,0.6615576747686269,0.09507648209402683,12.118211742023762,22.9501135118889
2016-01-01,35.72340938251848,102.84894823025279,-8.572792778855643,10.87492656944178,0.629815574869723,-0.3464888190592018,19.887381569884656,24.958517809491468
2016-02-01,131.9717554424988,101.98975304828137,1.2626252979715868,-8.385878719810137,0.6357111081483361,-0.41879205437728334,20.423669814379295,25.248716529364025
2016-03-01,107.81938563345679,113.662778954528,-13.496618522191051,-3.0901913765185918,0.6634082329669374,-0.03036734159866157,2.1476795820553236,19.77722870239787
2016-04-01,308.61099454651077,109.32177097655091,68.75246153148802,30.91703281836258,0.7740190863427423,1.7011920989635736,1.407589059753855,16.844984312714033
2016-05-01,58.26994010152475,97.0420434080879,48.331523117643215,24.979689813237705,0.7957540890961989,1.494285073373466,0,11.361791154197126
2016-06-01,50.611261301543124,88.73324635873176,41.47622985396264,12.941394108476212,0.8070771528276102,1.1560781858373308,0,8.708425315126368
2016-07-01,169.49399564309914,85.46243252895226,2.6314462051897136,38.67169691639529,0.8675957236226625,1.5909750567195724,0,9.85792627845963
2016-08-01,86.76378168328137,79.70051013006047,20.863979808092694,36.18022893250006,0.8602173748173289,1.3674652653869814,0,11.470387163037273
2016-09-01,63.40969229932432,91.84184539197503,24.381912123086693,33.51878230167884,0.857329734031698,1.2580267723060632,0,12.290616798547918
2016-10-01,88.44750413461658,117.23842032848478,-17.369507227607816,-7.6823039105512585,0.8014723975854557,0.7782275028481728,0.022162670014794546,16.1261097963623
2016-11-01,91.2630433454376,98.25115911858865,-20.893140066395034,-2.0024558970397455,0.7313541396710023,0.5135504902372221,0.6968327436455455,19.049559957782762
2016-12-01,125.44313678322742,110.25963881421481,-6.3225121791348755,7.218680115631515,0.6641990405847915,0.1561556087161048,12.31352925553247,23.01185966545333
2017-01-01,106.66001330051363,102.84894823025279,3.8561334321729257,-6.357402819453761,0.6528695932707761,0.26470672120378325,19.16846911927586,24.316789237717654
2017-02-01,132.39078839444448,101.98975304828137,15.676248364525502,-2.3802824847004023,0.6726956049303241,0.41098273334562807,21.07202164519245,24.409187907959055
2017-03-01,80.26032315956589,113.662778954528,0.25420435122289753,-3.071147524214657,0.6560587187205511,-0.21476499207450983,4.386619712350237,21.294827398721566
2017-04-01,81.94183776783787,109.32177097655091,-9.34884801012763,-2.8876195476500666,0.6521148880459982,-0.4934380979810038,0.41636541567571106,17.717959266951844
2017-05-01,143.37041508315625,97.0420434080879,-4.5165050747168145,5.501528788678134,0.7057085660424505,-0.02308199767870151,0,14.663397601415717
2017-06-01,23.375226472691164,88.73324635873176,-15.72688704617261,-7.431558870016097,0.7191085374835232,-0.2560718486381465,0,12.324040521973389
2017-07-01,101.66811181270707,85.46243252895226,-1.0411416610179636,-5.56938155841562,0.7502133679958298,-0.14694299086249782,0,12.298869268884143
2017-08-01,228.205203393229,79.70051013006047,39.131092532444086,14.792640742301021,0.7972344322259829,0.37993335656585214,0.05805791353098163,13.350252064415212
2017-09-01,155.19168079936014,91.84184539197503,88.7377272944281,32.90165155782383,0.8474976582510754,1.1095009492197354,0.08779085446114628,15.004613016164932
2017-10-01,114.6180688026065,117.23842032848478,72.45433028858537,36.85774825308321,0.8206946237428392,1.042374647344489,0.030823564931016192,16.276487697030063
2017-11-01,57.94060175079048,98.25115911858865,6.643943594249158,21.340945494737017,0.7426234694448762,0.7008251399853678,0.18934008002063032,18.061230638047565
2017-12-01,77.40679782935423,110.25963881421481,-23.26444566253716,26.130486693586462,0.6523572059227496,-0.11767579863163868,12.575952381088044,23.05542269758987
2018-01-01,73.67894330883922,102.84894823025279,-32.866613149305834,17.812623868811972,0.6301628555618567,-0.3372819030865013,16.275991399874844,24.45183888682317
2018-02-01,61.32521133473852,101.98975304828137,-32.58899668896734,-13.21730831993918,0.6177643729271841,-0.821440453143741,12.547399844623559,23.552141542854706
2018-03-01,98.3510327384628,113.662778954528,-26.733405693661506,-24.97941299957627,0.629235769317197,-0.8877467270569268,5.023121282139692,20.841210542726706
2018-04-01,120.13848224157952,109.32177097655091,-13.896353111786697,-23.17854594413533,0.6569288261905927,-0.40677320730485833,4.913138931217072,20.969268698253583
2018-05-01,159.67025288448653,97.0420434080879,18.165107442728036,-7.015031334654909,0.7355031119149271,0.47898919110059834,1.062536814161258e-8,14.990536601673147
2018-06-01,48.993836821940725,88.73324635873176,11.421839011113732,-8.383458924873988,0.762047937330273,0.4332293838157739,0,9.275178160657104
2018-07-01,158.93703509800022,85.46243252895226,35.5272864308954,8.58819072299779,0.7998876293943431,0.5885150336742947,0,9.446417329633617
2018-08-01,97.51890894083922,79.70051013006047,20.304988445270688,19.11176376688697,0.8365801293100068,0.9968485044875511,0,10.385392425111704
2018-09-01,95.98412661239412,91.84184539197503,37.13365938587578,23.39075554390746,0.823647752671882,0.7492182443546812,0.2528367291981137,15.451636046534237
2018-10-01,55.07533604994316,117.23842032848478,-13.921426773973856,10.028418426750063,0.7924900543159146,0.6547943319912352,0.029892110361641765,15.840767118520391
2018-11-01,98.71652777815062,98.25115911858865,-18.727481066637676,-1.0694132660864275,0.7300934333224807,0.49259996837016307,3.927101545975259,19.76503682688471
2018-12-01,215.83309994798492,110.25963881421481,13.469179066332293,23.905631982971688,0.712838329280871,1.2808938993741852,5.537677233879955,20.95011120121923
2019-01-01,206.48618664443288,102.84894823025279,67.34206036309742,28.238996992163546,0.7341817286812757,2.4204096302414135,17.832313263769198,23.372296385212213
2019-02-01,74.34450528190987,101.98975304828137,57.621836956721204,19.92353585413873,0.6980321890124092,0.9794279065289673,11.199958806333163,22.199172344024127
2019-03-01,87.13250161429724,113.662778954528,15.529508142751602,14.487754385133478,0.6843544159926734,0.4951676538987543,2.8429982604142854,19.7137027203501
2019-04-01,43.18992651678208,109.32177097655091,-37.02057930839289,14.04430562242942,0.6515480300553372,-0.5036431908413455,0.5146275302411071,17.51317633288048
2019-05-01,137.636734974887,97.0420434080879,-16.269719866067188,20.38937770064102,0.7121159881503705,0.0848901811389632,0.06899284637217128,14.094349357987422
2019-06-01,170.55093605818206,88.73324635873176,19.07187305244784,17.23313258629795,0.7772212195464892,0.6768043329146638,0,13.326373857235373
2019-07-01,77.21844683574511,85.46243252895226,42.091636298489085,-1.0296628939169716,0.8174145825628334,0.8480123667102831,0,9.642524950199265
2019-08-01,57.47154374191834,79.70051013006047,20.222728752542473,-0.1259215764412791,0.8352534153195617,0.9760464849956259,0,10.386655597870893
2019-09-01,58.416474439896824,91.84184539197503,-24.862697507701903,-1.379779155527594,0.8191677380701883,0.6815420108713401,0,12.356143791242692
2019-10-01,227.33098585253276,117.23842032848478,18.851056834893363,30.107331153340787,0.8397390562643992,1.3040785950524691,0.41649572164881044,16.043512067954328
2019-11-01,70.60056188749508,98.25115911858865,15.94910034551349,17.88246559524889,0.7782051268039987,1.292124050665618,4.051726007667601,20.237830496663438
2019-12-01,99.26692746195516,110.25963881421481,21.933822994897966,1.2957326462756047,0.677900010453787,0.47297778773892357,9.094815530077213,21.776988283450606
2020-01-01,63.64885230439965,102.84894823025279,-25.00111381399973,-3.8999493396730367,0.6562869060601134,0.3553046508224748,11.6148837091509,23.302729133091034
2020-02-01,54.70034029164112,101.98975304828137,-30.93707824866967,-7.7865207328553065,0.6301573045788242,-0.5433957823963923,11.973411925692814,23.369084421313655
2020-03-01,75.64293523364684,113.662778954528,-39.09223665531017,-8.23593914398295,0.6270925600862837,-0.9415193620107124,12.85405988855139,23.00653719168356
2020-04-01,79.7407965057842,109.32177097655091,-35.35363562440968,-30.28812236548404,0.649791904420299,-0.5352585609609349,0.24582202708385356,17.250192849692006
2020-05-01,38.726503737443494,97.0420434080879,-39.345592048609866,-35.173958088829025,0.6739618726522568,-0.5580490402524415,0,13.711939579289844
2020-06-01,177.44423989566448,88.73324635873176,0.2760038996897807,-20.158925542915174,0.7047430959097759,-0.4866786250921572,0,11.700512888585768
2020-07-01,45.65637353664208,85.46243252895226,-3.469504553559133,-20.84842821091192,0.751659677944066,-0.12552948158323363,0,9.006502156283299
2020-08-01,51.150513624387656,79.70051013006047,8.017031731629132,-18.39296558150849,0.7363569570061061,-0.57458618213154,0,12.2293000766622
2020-09-01,87.97538985917218,91.84184539197503,-28.10162082134339,-12.933851207200286,0.7420524132985673,-0.4833815861220499,8.591628406940675e-5,12.314401361438987
2020-10-01,60.69969572636122,117.23842032848478,-30.803704428941813,-17.564737967088597,0.7017660317461839,-0.5919130630213195,1.4370114770449678,15.998380455691173
2020-11-01,36.357984930953684,98.25115911858865,-39.793637889978164,-18.16436215300414,0.6382612660287204,-1.033474546320352,3.2163566285848026,20.524977489138855
2020-12-01,71.53343893830677,110.25963881421481,-48.245119206888695,-39.36148138182614,0.6171014618663018,-0.932932073321448,10.717228964092833,22.919631883114466
2021-01-01,90.83224069419289,102.84894823025279,-36.17554388055558,-33.59067599098759,0.6103609458339727,-0.8622593149992128,19.211309195938647,24.97786200980473
2021-02-01,95.54757067060767,101.98975304828137,-18.14833101717046,-28.835935269237957,0.6579750847321706,0.08071687642196694,5.6901412070562625,22.566433583913106
2021-03-01,101.87419191382492,113.662778954528,-9.496808910370913,-29.0889208281932,0.640221738824888,-0.6121112363966316,5.347014504225633,21.523777201912253
2021-04-01,81.14100462360989,109.32177097655091,-14.281601759221395,-24.99435910828096,0.6823911179583226,0.05162211605264708,0.9888043547143379,18.86242282031195
2021-05-01,53.59393556414805,97.0420434080879,-26.065790460475103,-22.137778510359485,0.6792748529570988,-0.46851942134064056,0,12.544723640335109
2021-06-01,111.0707315922305,88.73324635873176,-16.703449651180392,-12.962688240954224,0.7215680728298788,-0.2165892114434583,0,10.41280041100491
2021-07-01,72.13600373488815,85.46243252895226,-12.696261830039003,-13.560375126367852,0.7352105588887493,-0.36906881694929045,0,10.112514289645615
2021-08-01,44.68642632766856,79.70051013006047,-10.241598136449381,-19.065367670401134,0.7399036421618308,-0.5189764468966294,0,11.721492285664576
2021-09-01,124.11962999460214,91.84184539197503,-6.249972273139981,-11.83732985135384,0.7629365969838687,-0.16789982616057106,0,14.404157478717083
2021-10-01,48.31670993872214,117.23842032848478,-24.813981948237195,-18.944920809797562,0.7063870333264644,-0.528412386140812,1.155990445203222,16.661170753518974
2021-11-01,94.4287656085479,98.25115911858865,-13.16699693770943,-11.843563113965782,0.6674365363339575,-0.5486375030041087,1.788083104901975,20.031796484180227
2021-12-01,33.19984258393465,110.25963881421481,-45.98749336365978,-28.462546173390134,0.6230730278618543,-0.794845166410513,10.673755106090942,23.696422778825703
2022-01-01,223.32605580247994,102.84894823025279,12.716774830350364,-5.342597372036106,0.6534543093430727,0.2802083942523067,21.525190859337396,25.76254731535061
2022-02-01,112.38125207855819,101.98975304828137,17.07683079396267,2.1436139186739256,0.6614784977509437,0.15931856217949522,6.023373136834558,21.953687034687654
2022-03-01,76.40297272836138,113.662778954528,29.390381579338175,-8.722551622385089,0.6728100503883182,0.20552213144480533,3.552086764195531,19.324239677057665
2022-04-01,96.55851339471211,109.32177097655091,-12.195291878276816,-0.005759073535605008,0.6627728427368816,-0.3015639088300898,0.08824794318871726,16.458558290412597
2022-05-01,40.51366428055777,97.0420434080879,-33.29455900016768,-8.304292555216719,0.6812014661066563,-0.436053850009018,0,11.971769659816209
2022-06-01,26.50262334558391,88.73324635873176,-44.56915273612106,-6.1788705178221,0.6841612585399461,-0.81707648616668,0,8.306382460938744
2022-07-01,90.77490908736107,85.46243252895226,-41.82549706657731,-25.67510950309284,0.707285572449407,-0.7825154346479699,0,11.37689422129689
2022-08-01,61.7312317926019,79.70051013006047,-29.495292970688837,-31.613811701745597,0.7035247436654011,-1.089374106880296,0,11.131607293807852
2022-09-01,42.0650918836343,91.84184539197503,-24.29275958664403,-35.13044113752826,0.6814341703356553,-1.3990960935160683,0,13.221201315523524
2022-10-01,52.68490471217561,117.23842032848478,-45.81314219149748,-43.88177780873625,0.6272875082025681,-1.6153787718976602,0.05117924685395699,16.32432601025216
2022-11-01,56.00330083408266,98.25115911858865,-50.9476463369006,-41.24272335972691,0.5992847872624673,-1.681188878568246,9.63568974889633,22.51989891176852
2022-12-01,52.495221380029754,110.25963881421481,-50.51916692644204,-38.95285903890472,0.5895193173095995,-1.570743500113344,14.433193201772408,25.11390000493622
2023-01-01,35.383596354612244,102.84894823025279,-53.789107184916915,-49.951163779215435,0.5854422271018281,-1.5228907716592253,25.0129948343573,27.22412147636401
2023-02-01,35.077533760946984,101.98975304828137,-60.97841979764258,-56.02561696973582,0.5863549706095047,-1.526133835732872,16.090726790751475,25.635750687989027
2023-03-01,78.88651088879385,113.662778954528,-53.10927883441279,-51.79965366644236,0.5886678572156597,-1.9055864679503307,22.05032209362456,26.32937356960709
2023-04-01,33.929015080639196,109.32177097655091,-54.49084485311659,-54.14748296239556,0.5900174739391717,-1.611372197504575,0.06735908657910648,18.410619473390607
2023-05-01,132.8536106442475,97.0420434080879,-23.234774319733365,-41.96016111076113,0.6036338683961807,-1.7431540206220817,0,15.873034428409898
2023-06-01,22.283868175540267,88.73324635873176,-35.93074311748311,-44.84763044477676,0.6066785557233002,-2.060897376444391,0,12.340958582355064
2023-07-01,123.50935958888391,85.46243252895226,2.73159501937581,-28.45835373041702,0.6098613637282521,-2.2249408290246495,5.030675289512405e-4,11.707281215622254
2023-08-01,80.21824666083027,79.70051013006047,-10.982722781451915,-17.814621489340677,0.6209889163157865,-2.3834826349231784,1.8215555601206268e-4,12.897255954309804
2023-09-01,60.784968745199265,91.84184539197503,2.921263452273193,-17.8450371275092,0.6345797857162262,-2.106890276156452,0.007477101666462507,14.11184849159723
2023-10-01,72.1144112086971,117.23842032848478,-26.200895476144392,-12.187817607600548,0.6075999912884664,-1.8859198285111967,0.5161229961749378,17.379248387043805
2023-11-01,98.79649811275686,98.25115911858865,-24.610417503516302,-18.44532571259052,0.6218486309067273,-1.3062210676832422,4.927587441226944,20.841248024305642
2023-12-01,197.0428072692023,110.25963881421481,12.956131884103339,8.53057803718551,0.6322877019555991,-0.5817644025463551,10.493211243550112,22.799981465697694
2024-01-01,46.26583848806789,102.84894823025279,9.874557673511774,-7.484539017314795,0.6009364029565004,-1.1121176466584437,20.55887223585713,25.343680369978212
2024-02-01,70.51268163355985,101.98975304828137,-0.4052743348451293,-12.356825429571462,0.6040233267768298,-1.1297310788000001,23.106641615289327,26.590194079776147
2024-03-01,368.8583924339312,113.662778954528,52.47555904612944,32.49355121245563,0.675624585031144,0.27613816917480066,12.038918168455867,21.980398201386397
2024-04-01,201.4822902178293,109.32177097655091,97.20124280904207,54.472090481418455,0.697682815400538,0.32691715460032544,0.5905468413317986,17.554638780239813
2024-05-01,89.21448826189685,97.0420434080879,106.09386364796731,53.25748479827732,0.7215099558014066,0.24318896931639705,0.028591958351184894,11.639785332428675
2024-06-01,47.40498880856661,88.73324635873176,14.573071801050919,34.247170557644836,0.7242658356025234,-0.1732823368553397,0,12.798447612801809
2024-07-01,12.409994480930285,85.46243252895226,-45.05577237192543,32.4835465155553,0.7053020732197167,-0.811882361987567,0,8.59251857029882
2024-08-01,93.35009577897294,79.70051013006047,-39.674132305402466,41.60794360602893,0.6953739805544824,-1.2171728143096998,0,11.221968095559317
2024-09-01,38.85120065372772,91.84184539197503,-43.732063511228745,-12.568114152119048,0.6862443307950346,-1.3264325932189456,0.08544219802896437,14.74122990464688
2024-10-01,67.30054981859,117.23842032848478,-30.91581471664253,-37.764320472207245,0.6448410146443857,-1.374162766813732,2.009385907082899,18.9573705506159
2024-11-01,93.02962527262075,98.25115911858865,-35.19003927136605,-37.21861752452621,0.618807437755338,-1.3567598657902307,6.3525515522419465,22.158472315133594
2024-12-01,77.24410334641767,110.25963881421481,-27.06835039982609,-34.417341586415375,0.6168850836035078,-0.9379356193015534,4.208492781758201,21.67569460500553
2025-01-01,64.63290254597308,102.84894823025279,-24.554591895770283,-27.615539780785713,0.5954690935325748,-1.2570639670356525,20.57439167548237,25.722393571158896
2025-02-01,145.6865422203986,101.98975304828137,-8.738475731688954,-21.799221168180683,0.6077931495674497,-1.0451522909830726,21.489359994926776,26.555409880268495
2025-03-01,136.91218753958188,113.662778954528,9.020413987359866,-9.226965199990367,0.62564541219341,-0.9778279753953579,11.56496816902904,22.967083764514218
2025-04-01,66.09785131197707,109.32177097655091,7.299739664063187,-8.2866596525068,0.627844700901488,-0.9303720702071318,0,17.209105591584596
2025-05-01,132.4846870830551,97.0420434080879,4.833389761160878,-1.8998875259565007,0.6478761007617991,-0.9976232683451841,0.013092281733600199,15.24826421483773
2025-06-01,48.682778470403626,88.73324635873176,-16.208817450584956,-3.113043876317978,0.6671254182121695,-1.0905508657745606,0,9.05340189118472
2025-07-01,49.91523287220339,85.46243252895226,-14.80436553228488,-2.7561916031347056,0.6622437910791332,-1.4493867401404184,0,10.020801248274653
2025-08-01,72.32853762032606,79.70051013006047,-32.67856850305571,-11.761426717050282,0.6730224597010815,-1.5676302420712143,0,11.94276553891349
2025-09-01,56.165883718793296,91.84184539197503,-30.58119439551934,-22.899194776051203,0.6701381053245907,-1.5697373081323778,0.006641748150700164,14.387581371661597
2025-10-01,89.71210116960751,117.23842032848478,-24.438695108404406,-19.77243208544475,0.6335407423042624,-1.5294483537293628,1.079877841134177,18.342659583708148
2025-11-01,76.65998788317481,98.25115911858865,-27.59023165687653,-29.892166383155192,0.6163309270326262,-1.3979147248190786,2.8932904514194604,20.402316034937048
2025-12-01,34.66669048541774,110.25963881421481,-38.28418664785745,-34.8870312963253,0.5990132045128358,-1.351206192909069,20.88805048223262,25.953523999668267
2026-01-01,52.009550341448744,102.84894823025279,-47.540993746666395,-36.42443107513797,0.5915598205873154,-1.360704475525234,15.097525018964435,24.661145036538468
2026-02-01,74.46310008090634,101.98975304828137,-48.86061892286021,-38.358135279505845,0.5954878904578258,-1.3212299628181612,14.595804129868709,24.83880780571918
2026-03-01,120.56937788141967,113.662778954528,-22.436144371133615,-30.449309734678664,0.609304983541155,-1.3878056351741084,10.258384115077815,22.684771619418424
2026-04-01,82.0643666881092,109.32177097655091,-14.732690520445823,-30.785870416010987,0.6443945010286988,-0.6324275234232662,2.731663642529727,18.32688849433845
2026-05-01,52.0624495828377,97.0420434080879,-20.41405325261909,-34.526970494897725,0.6447037106665268,-1.0510815648140162,0.23230061612786546,11.859297714826294
2026-06-01,46.0969869955576,88.73324635873176,-38.9272794474781,-30.367202162775374,0.6398060721820799,-1.5291051761651222,0,10.009558048516176
2026-07-01,104.3025867108793,85.46243252895226,-25.35624411839762,-19.565716958089,0.649853967745416,-1.6328257030325413,0.023555301422132434,11.275006124623934
2026-08-01,118.36746874956565,79.70051013006047,5.857060515870405,-8.792044382925779,0.7017196897339883,-1.1176761880640675,0,10.719895908561778
