id,departamento,ejercicio,prod,venta,rem,dens,vacas,lpv,tambos,prod_chg,venta_chg,rem_chg,dens_chg,vacas_chg,lpv_chg,tambos_chg,prod_cmp,venta_cmp,rem_cmp,dens_cmp,vacas_cmp,lpv_cmp,tambos_cmp
01,Montevideo,2021,136543,91833,1,258.59785299411675,35,,,,,,,,,,sin_anterior,sin_anterior,sin_anterior,sin_anterior,sin_anterior,sin_dato,sin_dato
01,Montevideo,2022,130940,95230,1,247.9863696494851,37,,3,-4.103469236797199,3.699105985865647,0,-4.103469236797204,5.714285714285714,,,ok,ok,ok,ok,ok,sin_dato,sin_anterior
01,Montevideo,2023,149708,105708,1,283.53095637303437,33,,3,14.333282419428746,11.002835240995484,0,14.333282419428757,-10.81081081081081,,0,ok,ok,ok,ok,ok,sin_dato,ok
01,Montevideo,2024,136395,100370,1,258.3175568072516,29,,3,-8.89264434766345,-5.04975971544254,0,-8.89264434766345,-12.121212121212121,,0,ok,ok,ok,ok,ok,sin_dato,ok
01,Montevideo,2025,111160,78000,1,210.52516305358765,30,,2,-18.50141134205799,-22.287536116369434,0,-18.501411342057995,3.4482758620689653,,-33.333333333333336,ok,ok,ok,ok,ok,sin_dato,ok
02,Artigas,2021,373250,335420,0,31.361969808076072,235,1588.2978723404256,,,,,,,,,sin_anterior,sin_anterior,sin_anterior,sin_anterior,sin_anterior,sin_anterior,sin_dato
02,Artigas,2022,505500,433100,0,42.47414799191548,233,2169.527896995708,13,35.43201607501675,29.121698169459187,,35.43201607501673,-0.851063829787234,36.59452265076795,,ok,ok,sin_produccion,ok,ok,ok,sin_anterior
02,Artigas,2023,443365,406000,0,37.25331478622277,217,2043.1566820276498,13,-12.291790306627101,-6.257215423689679,,-12.291790306627094,-6.866952789699571,-5.824825536608816,0,ok,ok,sin_produccion,ok,ok,ok,ok
02,Artigas,2024,419885,384070,0,35.280430523413315,216,1943.912037037037,14,-5.295862325623358,-5.401477832512315,,-5.295862325623369,-0.4608294930875576,-4.8574172437975465,7.6923076923076925,ok,ok,sin_produccion,ok,ok,ok,ok
02,Artigas,2025,390931,264016,0,32.8475987114293,198,1974.3989898989898,12,-6.895697631494338,-31.25836436066342,,-6.895697631494334,-8.333333333333334,1.5683298565516328,-14.285714285714286,ok,ok,sin_produccion,ok,ok,ok,ok
03,Canelones,2021,108777823,102972302,192,24022.69058751623,22852,4760.100778925258,,,,,,,,,sin_anterior,sin_anterior,sin_anterior,sin_anterior,sin_anterior,sin_anterior,sin_dato
03,Canelones,2022,116712943,110713985,188,25775.09679751008,22703,5140.859930405673,238,7.294795741591556,7.518218831312521,-2.0833333333333335,7.294795741591554,-0.6520217048835988,7.9989724832335085,,ok,ok,ok,ok,ok,ok,sin_anterior
03,Canelones,2023,112355579,106478304,185,24812.80867422982,21875,5136.25504,236,-3.733402558446324,-3.8257867784273145,-1.5957446808510638,-3.7334025584463366,-3.6470950975641987,-0.08957432157288868,-0.8403361344537815,ok,ok,ok,ok,ok,ok,ok
03,Canelones,2024,110567310,105045021,176,24417.884123531217,21662,5104.20598282707,231,-1.5916156686798792,-1.3460798549157957,-4.864864864864865,-1.5916156686798744,-0.9737142857142858,-0.6239771374929559,-2.1186440677966103,ok,ok,ok,ok,ok,ok,ok
03,Canelones,2025,112534896,107300898,166,24852.409363867464,21116,5329.366167834817,222,1.7795368269337475,2.14753348471414,-5.681818181818182,1.7795368269337466,-2.520542886160096,4.411267604898601,-3.896103896103896,ok,ok,ok,ok,ok,ok,ok
04,Cerro Largo,2021,7098071,6783515,23,519.4662203561137,2550,2783.5572549019607,,,,,,,,,sin_anterior,sin_anterior,sin_anterior,sin_anterior,sin_anterior,sin_anterior,sin_dato
04,Cerro Largo,2022,7788120,7363965,21,569.9668628391934,2272,3427.8697183098593,26,9.721641274087002,8.556773295260642,-8.695652173913043,9.721641274087,-10.901960784313726,23.147088577870544,,ok,ok,ok,ok,ok,ok,sin_anterior
04,Cerro Largo,2023,6577672,6204069,20,481.3812671896687,2332,2820.614065180103,25,-15.54223612373718,-15.750971114066946,-4.761904761904762,-15.542236123737187,2.640845070422535,-17.715248916436913,-3.8461538461538463,ok,ok,ok,ok,ok,ok,ok
04,Cerro Largo,2024,6737988,6365295,18,493.11385574543414,1993,3380.826894129453,25,2.437275680514322,2.598713844091676,-10,2.4372756805143214,-14.5368782161235,19.86137826741566,0,ok,ok,ok,ok,ok,ok,ok
04,Cerro Largo,2025,5677767,5307912,17,415.52249386525864,1840,3085.7429347826087,23,-15.734979047157697,-16.611688853383857,-5.555555555555555,-15.7349790471577,-7.676869041645761,-8.728159370100704,-8,ok,ok,ok,ok,ok,ok,ok
05,Colonia,2021,421918387,376178515,487,69051.71416400395,78377,5383.19133164066,,,,,,,,,sin_anterior,sin_anterior,sin_anterior,sin_anterior,sin_anterior,sin_anterior,sin_dato
05,Colonia,2022,433272750,391411247,491,70909.98403928753,75752,5719.6212641250395,656,2.6911277986090707,4.049335991450761,0.8213552361396304,2.6911277986090685,-3.3491968307028848,6.2496372831289335,,ok,ok,ok,ok,ok,ok,sin_anterior
05,Colonia,2023,439231580,398081865,466,71885.21393822032,74994,5856.889617836094,645,1.3753068938676618,1.7042479108935773,-5.091649694501018,1.3753068938676656,-1.0006336466363925,2.3999553007475734,-1.6768292682926829,ok,ok,ok,ok,ok,ok,ok
05,Colonia,2024,437630408,395280966,444,71623.16403786505,76028,5756.174146367128,638,-0.3645393621287431,-0.7035987434393677,-4.721030042918455,-0.3645393621287403,1.3787769688241727,-1.7196067885974022,-1.0852713178294573,ok,ok,ok,ok,ok,ok,ok
05,Colonia,2025,441356575,401625671,425,72232.9933947718,77164,5719.721307863771,616,0.8514415204895909,1.6051127035547672,-4.2792792792792795,0.851441520489583,1.4941863523964856,-0.6332824125267928,-3.4482758620689653,ok,ok,ok,ok,ok,ok,ok
06,Durazno,2021,193726786,33899305,13,15877.712436224978,25214,7683.3023716982625,,,,,,,,,sin_anterior,sin_anterior,sin_anterior,sin_anterior,sin_anterior,sin_anterior,sin_dato
06,Durazno,2022,199368590,32560007,14,16340.110762151593,22470,8872.656430796618,20,2.912247767327333,-3.950812560906485,7.6923076923076925,2.9122477673273264,-10.882842865074958,15.479724753243953,,ok,ok,ok,ok,ok,ok,sin_anterior
06,Durazno,2023,207228429,38557759,12,16984.297691660795,21032,9853.006323697224,19,3.9423657457777077,18.420610290409336,-14.285714285714286,3.9423657457777126,-6.399643969737427,11.04911365099016,-5,ok,ok,ok,ok,ok,ok,ok
06,Durazno,2024,205096846,25578291,12,16809.59463377831,21956,9341.266441974858,17,-1.028615142375084,-33.662402423335855,0,-1.0286151423750862,4.393305439330544,-5.193743563237066,-10.526315789473685,ok,ok,ok,ok,ok,ok,ok
06,Durazno,2025,212599351,24674294,11,17424.49471755578,22658,9382.970738811899,18,3.6580304116427027,-3.5342353404298983,-8.333333333333334,3.658030411642696,3.1973036983057024,0.44645227813696536,5.882352941176471,ok,ok,ok,ok,ok,ok,ok
07,Flores,2021,59460694,55665606,69,11565.034825010029,11471,5183.566733501874,,,,,,,,,sin_anterior,sin_anterior,sin_anterior,sin_anterior,sin_anterior,sin_anterior,sin_dato
07,Flores,2022,59750116,56143980,69,11621.327062519467,10024,5960.705905826017,97,0.48674507566292446,0.8593708653778062,0,0.4867450756629239,-12.614418969575452,14.992363603644192,,ok,ok,ok,ok,ok,ok,sin_anterior
07,Flores,2023,60147600,56925602,69,11698.637231525976,12483,4818.360970920452,99,0.6652438967649871,1.392174192139567,0,0.6652438967649884,24.531125299281722,-19.164591458690037,2.0618556701030926,ok,ok,ok,ok,ok,ok,ok
07,Flores,2024,60006073,57130536,65,11671.110397014438,10769,5572.111895254899,98,-0.2352994965717668,0.36000321964096227,-5.797101449275362,-0.23529949657176985,-13.730673716254106,15.643305449372704,-1.0101010101010102,ok,ok,ok,ok,ok,ok,ok
07,Flores,2025,56347358,53528118,68,10959.49464645178,11089,5081.374154567589,97,-6.0972411909041275,-6.305591111555474,4.615384615384615,-6.097241190904122,2.97149224626242,-8.807033130566023,-1.0204081632653061,ok,ok,ok,ok,ok,ok,ok
08,Florida,2021,640685101,618149082,390,61562.825865712206,116462,5501.237322044959,,,,,,,,,sin_anterior,sin_anterior,sin_anterior,sin_anterior,sin_anterior,sin_anterior,sin_dato
08,Florida,2022,530825455,508421066,381,51006.516306132195,100593,5276.962164365314,437,-17.14721410385974,-17.751060253131623,-2.3076923076923075,-17.14721410385973,-13.625903728254709,-4.0768129886146465,,ok,ok,ok,ok,ok,ok,sin_anterior
08,Florida,2023,591493338,568251343,378,56836.035848479725,95928,6166.013447585689,434,11.428970187573238,11.76785955600038,-0.7874015748031497,11.428970187573237,-4.637499627210641,16.84778581934946,-0.6864988558352403,ok,ok,ok,ok,ok,ok,ok
08,Florida,2024,589297290,566516171,362,56625.0196715689,99868,5900.761905715544,434,-0.3712718062768781,-0.3053529078944913,-4.232804232804233,-0.3712718062768762,4.107247101993162,-4.301832036613618,0,ok,ok,ok,ok,ok,ok,ok
08,Florida,2025,608116907,585010742,375,58433.37888332837,103472,5877.115615818772,436,3.193569242444675,3.2646148418594745,3.591160220994475,3.193569242444668,3.608763567909641,-0.4007328252622423,0.4608294930875576,ok,ok,ok,ok,ok,ok,ok
09,Lavalleja,2021,19097560,17112916,27,1903.7058250073117,3502,5453.329525985151,,,,,,,,,sin_anterior,sin_anterior,sin_anterior,sin_anterior,sin_anterior,sin_anterior,sin_dato
09,Lavalleja,2022,14875923,13791337,25,1482.879554637359,3420,4349.685087719298,43,-22.105635484323653,-19.40977797121192,-7.407407407407407,-22.105635484323656,-2.3415191319246147,-20.237992826345444,,ok,ok,ok,ok,ok,ok,sin_anterior
09,Lavalleja,2023,13633710,12686067,20,1359.0517921378666,3119,4371.179865341455,40,-8.350493613068581,-8.014233862895237,-20,-8.350493613068572,-8.801169590643275,0.4941685935573678,-6.976744186046512,ok,ok,ok,ok,ok,ok,ok
09,Lavalleja,2024,13697753,12809734,21,1365.4358030874823,2760,4962.953985507246,40,0.46974007808586216,0.9748253733801028,5,0.4697400780858593,-11.510099390830394,13.538086704184716,0,ok,ok,ok,ok,ok,ok,ok
09,Lavalleja,2025,13882912,12911171,19,1383.8930440571417,2665,5209.347842401501,38,1.3517472537284034,0.79187436679013,-9.523809523809524,1.351747253728397,-3.4420289855072466,4.964661320934488,-5,ok,ok,ok,ok,ok,ok,ok
10,Maldonado,2021,12703213,7589655,22,2644.4991264821983,1884,6742.682059447983,,,,,,,,,sin_anterior,sin_anterior,sin_anterior,sin_anterior,sin_anterior,sin_anterior,sin_dato
10,Maldonado,2022,13038353,8443744,20,2714.267100714327,2077,6277.493018777082,28,2.6382301863315996,11.253331014387348,-9.090909090909092,2.6382301863316,10.24416135881104,-6.899169152119051,,ok,ok,ok,ok,ok,ok,sin_anterior
10,Maldonado,2023,13160266,9167334,20,2739.6464139641976,2507,5249.40805743917,27,0.9350337423752831,8.569539768140768,0,0.9350337423752877,20.702936928261916,-16.377317477896508,-3.5714285714285716,ok,ok,ok,ok,ok,ok,ok
10,Maldonado,2024,16234662,10947726,17,3379.66067936779,2429,6683.681350349938,26,23.36119953806405,19.421044329790973,-15,23.361199538064056,-3.111288392500997,27.322571939862726,-3.7037037037037037,ok,ok,ok,ok,ok,ok,ok
10,Maldonado,2025,14381337,8745435,16,2993.843615323629,2366,6078.33347421809,26,-11.415852082414775,-20.11642417795257,-5.882352941176471,-11.415852082414776,-2.5936599423631126,-9.057102581650666,0,ok,ok,ok,ok,ok,ok,ok
11,Paysandú,2021,52862761,49776344,74,3784.8391027625025,11577,4566.188218018485,,,,,,,,,sin_anterior,sin_anterior,sin_anterior,sin_anterior,sin_anterior,sin_anterior,sin_dato
11,Paysandú,2022,56589807,53777925,90,4051.686107567919,11412,4958.798370136698,113,7.050418724818403,8.039121957209233,21.62162162162162,7.050418724818406,-1.4252396994039906,8.598203432984818,,ok,ok,ok,ok,ok,ok,sin_anterior
11,Paysandú,2023,57681777,54501384,92,4129.8683794898025,11527,5004.058037650733,117,1.9296231209977444,1.3452713171807948,2.2222222222222223,1.9296231209977297,1.0077111812127586,0.9127144145767552,3.5398230088495577,ok,ok,ok,ok,ok,ok,ok
11,Paysandú,2024,54010742,50996721,86,3867.031619684356,10631,5080.494967547737,116,-6.364289019736684,-6.430411014883585,-6.521739130434782,-6.364289019736676,-7.773054567537087,1.527498868356234,-0.8547008547008547,ok,ok,ok,ok,ok,ok,ok
11,Paysandú,2025,52578914,50113293,80,3764.516380216818,9732,5402.683312782573,116,-2.651005979514223,-1.7323231428938344,-6.976744186046512,-2.65100597951422,-8.456401091148528,6.341672362493258,0,ok,ok,ok,ok,ok,ok,ok
12,Río Negro,2021,91558048,87039453,98,9611.070339100253,14612,6265.949082945524,,,,,,,,,sin_anterior,sin_anterior,sin_anterior,sin_anterior,sin_anterior,sin_anterior,sin_dato
12,Río Negro,2022,88977339,85144650,98,9340.16705680497,13950,6378.303870967742,121,-2.8186588250548983,-2.1769472747031164,0,-2.818658825054899,-4.530522857924993,1.7931008780141806,,ok,ok,ok,ok,ok,ok,sin_anterior
12,Río Negro,2023,87830596,83709300,99,9219.790663089469,14590,6019.917477724469,123,-1.2888034334225258,-1.6857782608772247,1.0204081632653061,-1.2888034334225218,4.587813620071684,-5.6188353595780844,1.6528925619834711,ok,ok,ok,ok,ok,ok,ok
12,Río Negro,2024,84098833,78738747,104,8828.05845095393,13405,6273.691383812011,123,-4.248818942319371,-5.937874286369615,5.05050505050505,-4.2488189423193825,-8.12200137080192,4.215571177289104,0,ok,ok,ok,ok,ok,ok,ok
12,Río Negro,2025,82430061,77485335,91,8652.88340711812,14025,5877.366203208556,123,-1.9842986406244187,-1.5918617551788068,-12.5,-1.9842986406244254,4.625139873181649,-6.317256561680605,0,ok,ok,ok,ok,ok,ok,ok
13,Rivera,2021,5757219,5471599,10,617.2481463502079,1383,4162.848156182213,,,,,,,,,sin_anterior,sin_anterior,sin_anterior,sin_anterior,sin_anterior,sin_anterior,sin_dato
13,Rivera,2022,5725778,5445121,8,613.8772655535251,1089,5257.831037649219,11,-0.5461143652864343,-0.4839170414352368,-20,-0.5461143652864379,-21.25813449023861,26.30369497962245,,ok,ok,ok,ok,ok,ok,sin_anterior
13,Rivera,2023,5150634,4974584,8,552.2144092535574,1081,4764.693802035153,13,-10.044818363548151,-8.641442495033628,0,-10.044818363548153,-0.7346189164370982,-9.379100090567926,18.181818181818183,ok,ok,ok,ok,ok,ok,ok
13,Rivera,2024,4104988,3931458,6,440.1076689613244,904,4540.91592920354,11,-20.301306596430653,-20.969110180871404,-25,-20.30130659643065,-16.37372802960222,-4.6965845472804535,-15.384615384615385,ok,ok,ok,ok,ok,ok,ok
13,Rivera,2025,4399756,4217056,6,471.7106011414895,1005,4377.866666666667,12,7.1807274467063,7.264429633993292,0,7.180727446706297,11.172566371681416,-3.5906690429626957,9.090909090909092,ok,ok,ok,ok,ok,ok,ok
14,Rocha,2021,12045416,10699125,13,1142.3909693734768,3240,3717.720987654321,,,,,,,,,sin_anterior,sin_anterior,sin_anterior,sin_anterior,sin_anterior,sin_anterior,sin_dato
14,Rocha,2022,12974716,11186052,11,1230.5260680565586,2724,4763.111600587372,38,7.714968084124284,4.551091794889769,-15.384615384615385,7.714968084124296,-15.925925925925926,28.11912503398043,,ok,ok,ok,ok,ok,ok,sin_anterior
14,Rocha,2023,12765190,11255587,16,1210.654557579133,2689,4747.188545927855,40,-1.6148792775117389,0.6216223561270768,45.45454545454545,-1.6148792775117538,-1.2848751835535976,-0.3342994242997296,5.2631578947368425,ok,ok,ok,ok,ok,ok,ok
14,Rocha,2024,12283972,10701368,12,1165.0156940064708,2380,5161.332773109244,37,-3.769767625863775,-4.923945770220603,-25,-3.769767625863763,-11.491260691706954,8.723989434475758,-7.5,ok,ok,ok,ok,ok,ok,ok
14,Rocha,2025,11083888,9349212,9,1051.199357228264,2431,4559.394487865076,34,-9.769511034378782,-12.635356526380553,-25,-9.769511034378784,2.142857142857143,-11.66245835533587,-8.108108108108109,ok,ok,ok,ok,ok,ok,ok
15,Salto,2021,20386403,19276875,34,1459.7708138235776,4939,4127.6377809273135,,,,,,,,,sin_anterior,sin_anterior,sin_anterior,sin_anterior,sin_anterior,sin_anterior,sin_dato
15,Salto,2022,20903551,19737919,36,1496.8012579302322,4363,4791.095805638322,43,2.536729995968391,2.391694711928152,5.882352941176471,2.536729995968393,-11.662279813727475,16.073552475381128,,ok,ok,ok,ok,ok,ok,sin_anterior
15,Salto,2023,18258885,17169864,33,1307.4296341517977,5277,3460.088118249005,47,-12.651754718612164,-13.010768764427496,-8.333333333333334,-12.651754718612171,20.948888379555353,-27.780861443491542,9.30232558139535,ok,ok,ok,ok,ok,ok,ok
15,Salto,2024,18722148,16804579,29,1340.6016364184238,5003,3742.184289426344,49,2.537192166991577,-2.1274775385524314,-12.121212121212121,2.537192166991583,-5.192344134925147,8.152860896505,4.25531914893617,ok,ok,ok,ok,ok,ok,ok
15,Salto,2025,21769982,20840921,29,1558.842152834153,5324,4089.027422990233,46,16.279296584985868,24.019298549520343,0,16.27929658498587,6.416150309814111,9.268467470827257,-6.122448979591836,ok,ok,ok,ok,ok,ok,ok
16,San José,2021,504810292,427616071,550,100737.8861976974,99276,5084.9177243241065,,,,,,,,,sin_anterior,sin_anterior,sin_anterior,sin_anterior,sin_anterior,sin_anterior,sin_dato
16,San José,2022,499955722,426082400,535,99769.1279771365,94007,5318.281851351495,838,-0.9616622475676466,-0.3586560711840037,-2.727272727272727,-0.9616622475676387,-5.30742576252065,4.589339290802535,,ok,ok,ok,ok,ok,ok,sin_anterior
16,San José,2023,505390003,433536429,532,100853.57096417509,91508,5522.905133977357,824,1.0869524561617079,1.7494336776172872,-0.5607476635514018,1.086952456161699,-2.658312678843065,3.8475449091488563,-1.6706443914081146,ok,ok,ok,ok,ok,ok,ok
16,San José,2024,506117745,429987762,494,100998.79619420524,92833,5451.916290543233,811,0.143996120952159,-0.8185395188555193,-7.142857142857143,0.14399612095216185,1.4479608340254404,-1.2853533007002902,-1.5776699029126213,ok,ok,ok,ok,ok,ok,ok
16,San José,2025,519844749,445248717,495,103738.10121373787,93940,5533.795497125825,801,2.712215514198183,3.549160313078864,0.20242914979757085,2.7122155141981805,1.1924638867644048,1.5018426956521262,-1.2330456226880395,ok,ok,ok,ok,ok,ok,ok
17,Soriano,2021,119922666,109744813,147,13335.936141933502,22938,5228.122155375359,,,,,,,,,sin_anterior,sin_anterior,sin_anterior,sin_anterior,sin_anterior,sin_anterior,sin_dato
17,Soriano,2022,128679437,117257263,155,14309.728192766788,22382,5749.237646322938,202,7.302014950201324,6.845380473699472,5.442176870748299,7.302014950201327,-2.4239253640247624,9.967546194608088,,ok,ok,ok,ok,ok,ok,sin_anterior
17,Soriano,2023,134215028,121720669,148,14925.310638906385,22589,5941.609987161893,208,4.301845834156082,3.8065070647265578,-4.516129032258065,4.301845834156085,0.9248503261549459,3.3460495577529397,2.9702970297029703,ok,ok,ok,ok,ok,ok,ok
17,Soriano,2024,131464129,119984486,146,14619.398382111587,22680,5796.478350970017,206,-2.04962070268316,-1.4263666263615427,-1.3513513513513513,-2.049620702683163,0.4028509451502944,-2.4426314838143686,-0.9615384615384616,ok,ok,ok,ok,ok,ok,ok
17,Soriano,2025,132200132,120754022,141,14701.245203364471,21802,6063.669938537749,195,0.5598508167958121,0.6413629175358554,-3.4246575342465753,0.5598508167958034,-3.871252204585538,4.609550340561833,-5.339805825242719,ok,ok,ok,ok,ok,ok,ok
18,Tacuarembó,2021,7416648,6278312,12,463.9369135852576,1771,4187.83060417843,,,,,,,,,sin_anterior,sin_anterior,sin_anterior,sin_anterior,sin_anterior,sin_anterior,sin_dato
18,Tacuarembó,2022,6178772,5174961,8,386.50350015627134,1712,3609.095794392523,22,-16.69050492891128,-17.574007153515147,-33.333333333333336,-16.69050492891128,-3.331451157538114,-13.819441722606234,,ok,ok,ok,ok,ok,ok,sin_anterior
18,Tacuarembó,2023,4991956,4043693,9,312.2640658412545,1830,2727.8448087431693,25,-19.207959121974397,-21.86041595289317,12.5,-19.2079591219744,6.892523364485982,-24.417500555639435,13.636363636363637,ok,ok,ok,ok,ok,ok,ok
18,Tacuarembó,2024,5077870,4134301,10,317.6382828721509,1599,3175.6535334584114,30,1.7210488233470007,2.240724011442016,11.11111111111111,1.7210488233470065,-12.62295081967213,16.41620972277987,20,ok,ok,ok,ok,ok,ok,ok
18,Tacuarembó,2025,4025047,3780087,8,251.78057287006212,1464,2749.349043715847,29,-20.733555605007613,-8.567687742135853,-20,-20.733555605007616,-8.442776735459661,-13.424149871862816,-3.3333333333333335,ok,ok,ok,ok,ok,ok,ok
19,Treinta y Tres,2021,4406856,3986179,2,473.4396556031431,844,5221.39336492891,,,,,,,,,sin_anterior,sin_anterior,sin_anterior,sin_anterior,sin_anterior,sin_anterior,sin_dato
19,Treinta y Tres,2022,4445827,4022195,3,477.62640843067135,750,5927.769333333334,9,0.88432660381914,0.9035218940243276,50,0.8843266038191313,-11.137440758293838,13.528495538164474,,ok,ok,ok,ok,ok,ok,sin_anterior
19,Treinta y Tres,2023,4307259,3915309,2,462.73969867713816,802,5370.647132169576,9,-3.1168104381929393,-2.65740472552922,-33.333333333333336,-3.1168104381929345,6.933333333333334,-9.398513502050756,0,ok,ok,ok,ok,ok,ok,ok
19,Treinta y Tres,2024,4086868,3700645,2,439.06253764940493,802,5095.845386533666,10,-5.116734331508739,-5.48268348679504,0,-5.116734331508743,0,-5.11673433150874,11.11111111111111,ok,ok,ok,ok,ok,ok,ok
19,Treinta y Tres,2025,4352525,3967815,2,467.60273923270245,774,5623.417312661499,10,6.500258877947612,7.2195522672399,0,6.500258877947611,-3.491271820448878,10.352981421335894,0,ok,ok,ok,ok,ok,ok,ok
