ns1:Ejercicio;ns1:DepartamentoCodigo;ns1:SeccionalPolicialCodigo;ns1:AreaSupervision;ns1:AreaEnumeracion;ns1:ActividadCodigo;ns1:GiroCodigo;ns1:NaturalezaJuridicaCodigo;ns1:EstratoCodigo;ns1:EspecializacionMGAPCodigo;ns1:TipoProduccionMGAPCodigo;ns1:EspecieCodigo;ns1:ProductoCodigo;ns1:Litros
2023;2;3;303;303004;-;2;5;2;2;3;11;8;5000
2023;2;3;304;304002;-;1;11;2;2;3;4;8;60000
2023;2;3;304;304002;-;1;11;2;2;3;11;8;22500
2023;2;8;314;314001;-;1;5;2;2;3;11;8;3000
2023;2;8;314;314001;-;1;5;3;2;3;11;8;2000
2023;2;8;314;314008;-;2;11;2;2;3;11;8;15800
2023;2;10;308;308002;-;1;5;2;2;3;11;8;70000
2023;2;10;308;308005;-;2;11;2;2;3;11;8;250000
2023;2;10;308;308005;-;2;11;3;2;3;11;8;233600
2023;2;10;309;309001;-;2;5;2;2;3;11;8;21550
2023;2;10;309;309003;-;2;5;2;2;3;11;8;54750
2023;2;10;309;309004;-;1;11;2;2;3;11;9;70000
2023;2;11;307;307001;-;2;5;2;2;3;11;8;16500
2023;2;19;315;315008;-;2;9;2;2;3;11;8;30000
2023;2;24;315;315005;-;2;11;2;2;3;11;6;4800
2023;2;24;315;315005;-;2;11;2;2;3;11;7;2400
2023;2;24;315;315005;-;2;11;2;2;3;11;8;45000
2023;4;2;505;505004;-;1;5;3;2;3;11;8;122000
2023;4;2;505;505004;-;2;5;3;2;3;11;8;20000
2023;4;2;505;505006;-;2;5;4;2;3;11;8;401500
2023;4;2;505;505006;-;2;11;2;2;3;11;8;36000
2023;4;2;505;505006;-;2;11;3;2;3;11;8;200000
2023;4;2;505;505006;-;2;11;4;2;3;11;8;79200
2023;4;5;503;503006;-;2;11;3;2;3;11;8;11000
2023;4;5;505;505003;-;1;5;2;4;4;11;8;73000
2023;4;5;505;505003;-;2;11;3;2;3;11;8;80000
2023;4;5;505;505005;-;2;11;4;2;3;11;8;417615
2023;4;5;505;505005;-;2;11;5;2;3;11;8;451200
2023;4;5;506;506005;-;1;11;2;2;3;11;8;65500
2023;4;5;506;506005;-;1;11;3;2;3;11;8;161713
2023;4;5;506;506005;-;2;5;2;2;3;11;8;52000
2023;4;5;506;506005;-;2;5;4;2;3;11;8;1038500
2023;4;5;506;506005;-;2;11;3;2;3;11;8;385000
2023;4;5;506;506005;-;2;11;4;2;3;11;8;178850
2023;4;5;506;506005;-;2;11;5;2;3;11;8;650335
2023;4;5;506;506006;-;2;1;4;2;3;11;8;272000
2023;4;5;506;506006;-;2;1;4;2;3;11;9;30200
2023;4;5;506;506006;-;2;5;2;2;3;11;8;27000
2023;4;5;506;506006;-;2;5;3;2;3;11;8;219000
2023;4;5;506;506006;-;2;11;3;2;3;11;8;279000
2023;4;6;506;506003;-;1;11;2;2;3;4;8;15830
2023;4;6;506;506003;-;2;5;2;2;3;11;8;140600
2023;4;6;506;506003;-;2;5;3;2;3;11;8;24000
2023;4;6;506;506003;-;2;9;2;2;3;11;8;32086
2023;4;6;506;506003;-;2;9;2;2;3;11;9;3080
2023;4;6;506;506004;-;1;12;2;2;3;4;8;3750
2023;4;6;506;506004;-;1;12;2;2;3;11;8;32400
2023;4;6;506;506004;-;2;11;2;2;3;11;8;62000
2023;4;6;506;506004;-;2;11;3;2;3;11;8;192000
2023;4;6;506;506004;-;2;11;4;2;3;11;8;260000
2023;4;6;506;506005;-;2;5;2;2;3;11;8;180000
2023;4;6;506;506005;-;2;5;3;2;3;11;8;1000
2023;4;6;506;506005;-;2;5;3;2;3;11;9;1000
2023;4;6;506;506005;-;2;11;2;2;3;11;8;376696
2023;4;6;506;506006;-;2;12;3;2;3;11;8;554000
2023;4;6;506;506009;-;2;8;2;2;3;11;8;146000
2023;4;7;504;504001;-;2;11;3;2;3;11;8;570000
2023;4;8;0;0;-;18;5;1;1;1;11;8;500
2023;4;8;0;0;-;18;5;1;1;1;11;9;500
2023;4;9;502;502003;-;1;5;3;2;3;11;8;140000
2023;4;9;502;502003;-;1;8;3;2;3;11;8;120400
2023;4;9;502;502003;-;2;8;3;2;3;11;8;141300
2023;4;9;502;502003;-;2;11;4;2;3;11;8;662000
2023;4;9;502;502004;-;1;5;3;2;3;11;8;50200
2023;4;11;501;501002;-;1;5;2;2;3;11;8;28000
2023;4;11;501;501002;-;2;8;6;2;3;11;8;2698500
2023;4;12;502;502004;-;2;11;3;2;3;11;8;199620
2023;4;12;503;503002;-;2;5;2;2;3;11;8;90000
2023;4;13;0;0;-;63;5;1;1;1;11;8;79000
2023;4;13;503;503003;-;2;5;3;2;3;11;8;47000
2023;4;13;503;503003;-;2;5;4;2;3;11;8;109500
2023;4;13;503;503003;-;2;11;2;2;3;11;8;310250
2023;4;13;503;503003;-;64;11;2;4;4;11;8;160000
2023;4;13;503;503007;-;1;11;4;2;3;11;8;14123
2023;4;13;503;503007;-;2;5;2;2;3;11;8;36500
2023;4;13;503;503007;-;2;5;3;2;3;11;8;219224
2023;4;13;503;503007;-;2;5;4;2;3;11;8;255550
2023;4;13;503;503007;-;2;11;3;2;3;11;8;105850
2023;4;13;503;503007;-;2;11;4;2;3;11;8;50000
2023;4;14;502;502006;-;2;5;3;2;3;11;8;54750
2023;4;14;503;503004;-;2;11;2;2;3;11;8;167170
2023;4;14;504;504002;-;2;11;2;2;3;11;8;205400
2023;4;14;504;504005;-;2;11;5;2;3;11;8;110000
2023;4;14;506;506001;-;1;5;5;2;3;11;8;135000
2023;4;14;506;506001;-;2;5;2;2;3;11;8;36500
2023;4;14;506;506001;-;2;5;4;2;3;11;8;248000
2023;4;16;501;501002;-;2;13;2;2;3;11;8;270500
2023;4;16;504;504006;-;1;5;2;2;3;11;8;155000
2023;4;16;504;504006;-;2;5;3;2;3;11;8;255000
2023;4;16;504;504006;-;2;5;4;2;3;11;8;389000
2023;4;16;504;504006;-;2;12;3;2;3;11;8;126510
2023;4;16;506;506001;-;1;5;3;2;3;11;8;36281
2023;4;16;506;506002;-;2;11;5;2;3;11;8;310250
2023;4;16;506;506007;-;2;11;2;2;3;11;8;137800
2023;4;16;506;506007;-;2;11;4;2;3;11;8;440000
2023;4;16;506;506008;-;1;5;2;2;3;11;8;135000
2023;4;17;503;503005;-;2;5;2;2;3;11;8;29200
2023;4;17;503;503005;-;2;5;3;2;3;11;8;243620
2023;4;17;503;503005;-;2;11;2;2;3;11;8;36000
2023;4;17;503;503006;-;1;5;2;2;3;11;8;146000
2023;4;17;503;503006;-;1;11;4;2;3;11;8;364000
2023;4;17;503;503006;-;1;14;5;2;3;11;8;81760
2023;4;17;503;503006;-;2;5;2;2;3;11;8;36500
2023;4;17;503;503006;-;2;5;3;2;3;11;8;233600
2023;4;17;503;503006;-;2;5;4;2;3;11;8;505300
2023;4;17;503;503006;-;2;11;3;2;3;11;8;178200
2023;4;17;503;503007;-;2;5;2;2;3;11;8;40150
2023;4;17;503;503007;-;2;11;2;2;3;11;8;72000
2023;4;17;503;503007;-;2;11;3;2;3;11;8;75000
2023;4;17;505;505001;-;1;5;6;2;3;11;8;135000
2023;4;17;505;505001;-;2;5;5;2;3;11;8;255500
2023;4;17;505;505001;-;2;11;2;2;3;11;8;53000
2023;4;17;505;505004;-;2;5;4;2;3;11;8;328500
2023;4;17;505;505004;-;2;5;5;2;3;11;8;730000
2023;4;17;505;505004;-;2;11;4;2;3;11;8;546000
2023;4;17;505;505004;-;2;11;4;2;3;11;9;438000
2023;4;17;505;505006;-;2;5;5;2;3;11;8;610000
2023;4;17;505;505006;-;2;11;3;2;3;11;8;730000
2023;4;18;505;505001;-;1;5;3;2;3;11;8;109500
2023;4;18;505;505001;-;1;11;2;2;3;11;8;115000
2023;4;18;505;505001;-;1;11;5;2;3;11;8;301000
2023;4;18;505;505001;-;2;5;2;2;3;11;8;180000
2023;4;18;505;505001;-;2;5;4;2;3;11;8;150000
2023;4;18;505;505001;-;2;11;5;2;3;11;8;338313
2023;4;18;505;505002;-;1;5;3;2;3;11;8;107000
2023;4;18;505;505002;-;1;11;3;2;3;11;8;737200
2023;4;18;505;505002;-;1;11;4;2;3;11;8;102000
2023;4;18;505;505002;-;1;11;6;2;3;11;8;21600
2023;4;18;505;505002;-;2;5;5;2;3;11;8;620500
2023;4;18;505;505002;-;2;11;2;2;3;11;8;72000
2023;4;18;505;505002;-;2;11;3;2;3;11;8;700
2023;4;18;505;505002;-;2;11;4;2;3;11;8;680000
2023;4;18;505;505003;-;1;5;4;2;3;11;8;255500
2023;4;18;505;505003;-;2;5;3;2;3;11;8;145000
2023;4;18;505;505003;-;2;5;4;2;3;11;8;91250
2023;4;18;505;505003;-;2;8;6;2;3;11;8;799532
2023;4;18;505;505003;-;2;11;4;2;3;11;8;411115
2023;4;18;505;505003;-;2;11;5;2;3;11;8;72000
2023;4;18;505;505005;-;1;5;3;2;3;11;8;146000
2023;4;18;505;505005;-;1;11;5;2;3;11;8;230000
2023;4;18;505;505005;-;2;5;2;2;3;11;8;51200
2023;4;18;505;505005;-;2;11;2;2;3;11;8;182500
2023;4;18;505;505005;-;2;11;3;2;3;11;8;130000
2023;5;2;601;601004;-;2;12;5;2;3;11;9;140150083
2023;5;2;601;601004;-;2;12;8;2;3;11;9;24506786
2023;5;2;602;602002;-;2;5;2;2;3;11;8;78000
2023;5;13;601;601006;-;2;5;2;2;3;11;8;49000
2023;6;3;702;702001;-;1;11;4;2;3;11;8;80000
2023;6;4;701;701003;-;1;11;3;2;3;11;8;23000
2023;6;4;701;701003;-;2;5;2;2;3;11;8;95000
2023;6;4;701;701003;-;2;11;2;2;3;11;8;36000
2023;6;4;701;701004;-;2;5;4;2;3;11;8;600
2023;6;4;701;701005;-;2;5;3;2;3;11;8;241475
2023;6;4;701;701005;-;2;5;4;2;3;11;8;335000
2023;6;4;701;701005;-;2;5;5;2;3;11;8;52963
2023;6;5;702;702005;-;16;11;2;2;3;11;8;7000
2023;6;7;702;702001;-;2;5;2;2;3;11;8;68796
2023;6;7;702;702001;-;2;5;3;2;3;11;8;180
2023;6;7;702;702001;-;2;6;3;2;3;11;8;54000
2023;6;9;701;701004;-;2;5;3;2;3;11;8;75000
2023;6;9;701;701004;-;2;11;4;2;3;11;8;80000
2023;6;9;701;701005;-;2;11;2;2;3;11;8;42000
2023;7;2;804;804003;-;2;11;5;2;3;11;8;300000
2023;7;2;804;804004;-;1;5;2;2;3;11;8;36500
2023;7;2;804;804004;-;2;5;2;2;3;11;8;134500
2023;7;2;804;804004;-;2;5;3;2;3;11;8;201600
2023;7;2;804;804004;-;2;8;4;2;3;11;8;198000
2023;7;2;804;804004;-;2;8;4;2;3;11;9;172300
2023;7;2;804;804004;-;2;11;4;2;3;11;8;192000
2023;7;2;804;804004;-;2;11;4;2;3;11;9;102000
2023;7;3;805;805006;-;2;9;5;2;3;11;8;210000
2023;7;4;801;801003;-;1;11;3;2;3;11;8;40000
2023;7;5;805;805002;-;2;5;2;2;3;11;8;42000
2023;7;5;805;805007;-;2;9;3;2;3;11;8;51600
2023;7;13;801;801006;-;2;11;5;2;3;11;8;70000
2023;8;2;0;0;-;18;11;1;1;1;11;8;4500
2023;8;2;0;0;-;18;11;1;1;1;11;9;600
2023;8;3;904;904003;-;1;5;2;2;3;11;8;40050
2023;8;3;905;905003;-;2;5;2;2;3;11;8;50000
2023;8;4;903;903005;-;64;13;5;3;4;11;8;79619
2023;8;13;905;905005;-;2;8;2;2;3;11;8;64000
2023;8;13;906;906001;-;1;11;3;4;4;4;8;8000
2023;9;2;1003;1003004;-;2;5;3;2;3;4;8;3200
2023;9;6;1003;1003006;-;2;2;5;2;3;11;6;143810
2023;9;6;1003;1003006;-;2;2;5;2;3;11;8;1213425
2023;9;6;1003;1003006;-;2;2;5;2;3;11;9;2041373
2023;9;12;1002;1002006;-;2;5;2;2;3;11;8;4000
2023;9;12;1002;1002006;-;2;5;2;2;3;11;9;1000
2023;10;18;101;101002;-;2;5;2;2;3;11;8;36000
2023;11;6;1101;1101004;-;1;5;2;2;3;11;8;52000
2023;11;6;1101;1101004;-;1;5;5;1;1;11;8;182500
2023;11;6;1101;1101004;-;1;5;5;2;3;4;8;146000
2023;11;6;1101;1101004;-;1;5;5;2;3;11;8;146000
2023;11;6;1101;1101004;-;2;5;3;2;3;11;8;216000
2023;11;6;1101;1101005;-;1;11;5;2;3;11;8;219000
2023;11;11;1102;1102008;-;1;5;5;2;3;11;8;6300
2023;12;3;1203;1203004;-;2;5;3;2;3;11;8;50500
2023;12;3;1203;1203004;-;2;11;4;2;3;11;8;106500
2023;12;3;1203;1203005;-;2;5;3;2;3;11;8;28800
2023;12;3;1203;1203005;-;2;11;3;2;3;11;8;93600
2023;12;4;0;0;-;63;5;1;1;1;11;8;67045
2023;12;5;1201;1201001;-;1;11;3;2;3;11;6;10
2023;12;5;1201;1201001;-;1;11;3;2;3;11;7;3
2023;12;5;1201;1201001;-;1;11;3;2;3;11;8;43277
2023;12;5;1201;1201002;-;63;11;1;1;1;11;8;244700
2023;12;5;1201;1201003;-;2;11;2;2;3;11;8;177660
2023;14;3;1401;1401006;-;2;5;3;2;3;11;8;36000
2023;14;4;1402;1402006;-;1;5;2;2;3;11;8;129600
2023;14;4;1402;1402006;-;1;5;2;2;3;11;9;24000
2023;14;4;1402;1402006;-;2;5;2;2;3;11;8;26000
2023;14;4;1402;1402006;-;2;5;4;2;3;11;8;50000
2023;14;4;1404;1404003;-;1;11;3;2;3;11;8;54000
2023;14;4;1404;1404007;-;1;5;4;2;3;11;8;42500
2023;14;8;1404;1404005;-;2;5;3;2;3;11;8;127750
2023;14;8;1405;1405002;-;1;5;5;2;3;11;8;73000
2023;14;10;1403;1403007;-;1;8;5;2;3;11;8;190000
2023;14;12;1405;1405001;-;2;5;4;2;3;11;8;109500
2023;15;4;1505;1505003;-;1;14;2;2;3;11;8;12720
2023;15;6;1504;1504005;-;2;5;6;2;3;11;8;40000
2023;15;7;1503;1503004;-;2;5;5;2;3;11;8;128000
2023;16;1;1605;1605001;-;2;11;3;2;3;11;8;158000
2023;16;1;1605;1605002;-;1;5;2;2;3;11;8;32000
2023;16;1;1605;1605002;-;2;5;2;2;3;11;8;12000
2023;16;1;1605;1605002;-;2;11;2;2;3;11;8;24000
2023;16;3;1601;1601001;-;2;5;3;2;3;11;8;130000
2023;16;3;1601;1601002;-;2;5;4;2;3;11;8;180000
2023;16;3;1601;1601003;-;2;2;4;2;3;11;8;170000
2023;16;3;1601;1601003;-;2;5;2;2;3;11;8;565300
2023;16;3;1601;1601003;-;2;5;3;2;3;11;8;1950825
2023;16;3;1601;1601003;-;2;5;4;2;3;11;8;911650
2023;16;3;1601;1601003;-;2;5;5;2;3;11;8;270830
2023;16;3;1601;1601003;-;2;11;2;2;3;11;8;70000
2023;16;3;1601;1601003;-;2;11;3;2;3;11;8;446370
2023;16;3;1601;1601004;-;2;5;2;2;3;11;8;81760
2023;16;3;1601;1601004;-;2;5;3;2;3;11;8;816000
2023;16;3;1601;1601004;-;2;11;2;2;3;11;8;180920
2023;16;3;1601;1601005;-;2;5;2;2;3;11;8;249988
2023;16;3;1601;1601005;-;2;5;4;2;3;11;8;175200
2023;16;3;1601;1601005;-;2;8;2;2;3;11;8;44895
2023;16;3;1601;1601005;-;2;11;2;2;3;11;8;36000
2023;16;3;1601;1601005;-;2;14;4;2;3;11;8;328500
2023;16;3;1601;1601006;-;2;5;2;2;3;11;8;22995
2023;16;3;1601;1601006;-;2;5;3;2;3;11;8;326880
2023;16;3;1601;1601006;-;2;11;2;2;3;11;8;127020
2023;16;3;1601;1601006;-;2;11;3;2;3;11;8;438500
2023;16;3;1602;1602004;-;1;11;2;2;3;11;8;50000
2023;16;3;1602;1602004;-;2;5;2;2;3;11;8;625630
2023;16;3;1602;1602004;-;2;5;3;2;3;11;8;319740
2023;16;3;1602;1602004;-;2;5;4;2;3;11;8;754820
2023;16;3;1602;1602004;-;2;5;5;2;3;11;9;250000
2023;16;3;1602;1602004;-;2;11;2;2;3;11;8;443740
2023;16;3;1605;1605004;-;2;5;2;2;3;11;8;85000
2023;16;3;1605;1605004;-;2;11;2;2;3;11;8;96360
2023;16;4;1601;1601001;-;1;5;2;2;3;11;8;212065
2023;16;4;1601;1601001;-;2;5;2;2;3;11;8;284320
2023;16;4;1601;1601001;-;2;5;3;2;3;11;8;509070
2023;16;4;1601;1601001;-;2;5;4;2;3;11;8;551250
2023;16;4;1601;1601001;-;2;8;2;2;3;11;8;22000
2023;16;4;1601;1601001;-;2;11;3;2;3;11;8;105840
2023;16;4;1601;1601001;-;2;11;4;2;3;11;8;844000
2023;16;4;1601;1601002;-;2;5;2;2;3;11;8;445670
2023;16;4;1601;1601002;-;2;5;3;2;3;11;8;165345
2023;16;4;1601;1601002;-;2;5;4;2;3;11;8;39420
2023;16;4;1601;1601002;-;2;8;3;2;3;11;8;215350
2023;16;4;1601;1601002;-;2;11;2;2;3;4;8;14900
2023;16;4;1601;1601002;-;2;11;2;2;3;11;8;28450
2023;16;4;1601;1601002;-;2;11;3;2;3;11;8;481210
2023;16;4;1601;1601002;-;2;11;4;2;3;11;8;95000
2023;16;4;1601;1601003;-;2;11;3;2;3;11;8;237250
2023;16;4;1602;1602004;-;2;5;2;2;3;11;8;184800
2023;16;5;1601;1601003;-;2;5;2;2;3;11;8;26000
2023;16;5;1604;1604001;-;1;5;5;2;3;11;8;530323
2023;16;5;1604;1604001;-;1;11;2;2;3;11;8;154000
2023;16;5;1604;1604001;-;1;11;4;2;3;11;8;148500
2023;16;5;1604;1604001;-;1;11;5;2;3;11;8;1059000
2023;16;5;1604;1604001;-;2;5;2;2;3;11;8;748250
2023;16;5;1604;1604001;-;2;5;3;2;3;11;8;380000
2023;16;5;1604;1604001;-;2;5;4;2;3;11;8;130000
2023;16;5;1604;1604001;-;2;11;2;2;3;11;8;18000
2023;16;5;1604;1604001;-;2;11;3;2;3;11;8;269200
2023;16;5;1604;1604001;-;2;12;5;2;3;11;8;145000
2023;16;5;1604;1604001;-;16;5;3;2;3;11;8;102000
2023;16;5;1604;1604002;-;2;5;2;2;3;11;8;479070
2023;16;5;1604;1604002;-;2;5;3;2;3;11;8;919300
2023;16;5;1604;1604002;-;2;5;4;2;3;11;8;534510
2023;16;5;1604;1604002;-;2;8;4;2;3;11;8;85000
2023;16;5;1604;1604002;-;2;11;2;2;3;11;8;171300
2023;16;5;1604;1604002;-;2;11;3;2;3;11;8;576895
2023;16;5;1604;1604003;-;1;5;2;2;3;11;8;53800
2023;16;5;1604;1604003;-;2;2;4;2;3;11;8;795000
2023;16;5;1604;1604003;-;2;5;2;2;3;11;8;532060
2023;16;5;1604;1604003;-;2;5;3;2;3;11;8;96000
2023;16;5;1604;1604003;-;2;5;4;2;3;11;8;395000
2023;16;5;1604;1604003;-;2;8;5;2;3;11;8;874500
2023;16;5;1604;1604003;-;2;11;3;2;3;11;8;900000
2023;16;5;1604;1604003;-;2;11;5;2;3;11;8;342735
2023;16;5;1604;1604004;-;1;5;4;2;3;11;8;80000
2023;16;5;1604;1604004;-;1;11;3;2;3;11;8;1600000
2023;16;5;1604;1604004;-;2;5;2;2;3;11;8;347400
2023;16;5;1604;1604004;-;2;5;3;2;3;11;8;140000
2023;16;5;1604;1604004;-;2;5;4;2;3;11;8;380000
2023;16;5;1604;1604004;-;2;5;5;2;3;11;8;826417
2023;16;5;1604;1604004;-;2;11;2;2;3;11;8;90520
2023;16;5;1604;1604004;-;2;11;3;2;3;11;8;1532244
2023;16;5;1604;1604005;-;2;5;2;2;3;11;8;398795
2023;16;5;1604;1604005;-;2;5;3;2;3;11;8;146000
2023;16;5;1604;1604005;-;2;5;4;2;3;11;8;432155
2023;16;5;1604;1604005;-;2;5;5;2;3;11;8;215000
2023;16;5;1604;1604005;-;2;11;2;2;3;11;8;73500
2023;16;5;1604;1604005;-;2;11;3;2;3;11;8;491000
2023;16;5;1604;1604005;-;2;11;4;2;3;11;8;105000
2023;16;5;1604;1604006;-;1;5;5;2;3;11;8;1672795
2023;16;5;1604;1604006;-;1;11;2;2;3;11;8;21600
2023;16;5;1604;1604006;-;2;5;2;2;3;11;8;715000
2023;16;5;1604;1604006;-;2;5;3;2;3;11;8;73000
2023;16;5;1604;1604006;-;2;5;4;2;3;11;8;1460787
2023;16;5;1604;1604006;-;2;5;5;2;3;11;8;1800000
2023;16;5;1604;1604006;-;2;11;2;2;3;11;8;25200
2023;16;5;1604;1604006;-;2;11;3;2;3;11;8;99500
2023;16;5;1604;1604007;-;1;11;2;2;3;11;8;272160
2023;16;5;1604;1604007;-;2;5;2;2;3;11;8;329340
2023;16;5;1604;1604007;-;2;5;3;2;3;4;8;185000
2023;16;5;1604;1604007;-;2;5;3;2;3;11;8;714042
2023;16;5;1604;1604007;-;2;5;4;2;3;11;8;794000
2023;16;5;1604;1604007;-;2;8;2;2;3;11;8;700000
2023;16;5;1604;1604007;-;2;11;2;2;3;11;8;206300
2023;16;5;1604;1604007;-;2;11;3;2;3;11;8;874720
2023;16;5;1604;1604007;-;2;14;5;2;3;11;9;275000
2023;16;5;1607;1607004;-;2;5;2;2;3;11;8;32000
2023;16;6;1605;1605001;-;2;5;2;2;3;11;8;68985
2023;16;6;1605;1605001;-;2;5;3;2;3;11;8;61200
2023;16;6;1605;1605001;-;63;5;1;1;1;11;8;19500
2023;16;6;1605;1605002;-;2;5;2;2;3;11;8;15000
2023;16;6;1605;1605002;-;2;11;2;2;3;11;8;20000
2023;16;6;1605;1605003;-;1;5;2;2;3;11;8;372200
2023;16;6;1605;1605003;-;1;5;2;2;3;11;9;112600
2023;16;6;1605;1605003;-;1;8;2;2;3;11;8;18000
2023;16;6;1605;1605003;-;2;5;2;2;3;11;8;95700
2023;16;6;1605;1605004;-;2;5;2;2;3;11;8;36000
2023;16;6;1605;1605004;-;2;5;3;2;3;11;8;59000
2023;16;6;1605;1605006;-;2;5;2;2;3;11;8;178063
2023;16;6;1605;1605006;-;2;5;4;2;3;11;8;850000
2023;16;6;1605;1605006;-;2;11;3;2;3;11;8;109500
2023;16;6;1606;1606005;-;1;5;2;2;3;11;8;29400
2023;16;6;1606;1606005;-;1;5;2;2;3;11;9;193000
2023;16;6;1606;1606005;-;2;5;2;2;3;11;8;201780
2023;16;6;1606;1606005;-;2;5;3;2;3;11;9;285000
2023;16;6;1606;1606005;-;2;11;2;2;3;11;8;55000
2023;16;6;1606;1606005;-;2;11;3;2;3;11;8;200000
2023;16;6;1606;1606005;-;2;14;3;1;1;11;9;275000
2023;16;6;1606;1606005;-;2;14;3;2;3;11;8;700000
2023;16;6;1607;1607001;-;2;5;2;2;3;11;8;252600
2023;16;7;1606;1606004;-;2;5;3;2;3;11;8;54700
2023;16;7;1607;1607001;-;2;3;4;2;3;4;8;142060
2023;16;7;1607;1607003;-;2;5;3;2;3;11;8;119600
2023;16;7;1607;1607003;-;2;8;3;2;3;4;8;3540
2023;16;7;1607;1607003;-;2;8;3;2;3;11;8;427535
2023;16;7;1607;1607003;-;2;11;3;2;3;11;8;233620
2023;16;8;1602;1602001;-;2;5;2;2;3;11;8;21600
2023;16;8;1603;1603001;-;2;5;2;2;3;11;8;428000
2023;16;8;1603;1603002;-;1;11;2;2;3;11;8;186880
2023;16;8;1603;1603003;-;1;5;3;2;3;11;8;14000
2023;16;8;1603;1603003;-;2;5;2;2;3;11;8;296604
2023;16;8;1603;1603003;-;2;11;2;2;3;11;8;147410
2023;16;8;1603;1603003;-;40;5;2;4;6;11;8;60000
2023;16;8;1603;1603003;-;40;5;2;4;6;11;9;23000
2023;16;8;1603;1603004;-;1;5;3;2;3;11;9;230970
2023;16;8;1603;1603005;-;1;5;2;2;3;11;8;70000
2023;16;8;1603;1603005;-;2;5;3;2;3;11;8;63220
2023;16;8;1603;1603006;-;2;5;2;2;3;11;8;40615
2023;16;8;1603;1603006;-;2;11;2;2;3;11;8;29200
2023;16;8;1606;1606001;-;2;5;2;2;3;11;8;36500
2023;16;8;1606;1606001;-;2;8;3;2;3;11;8;270000
2023;16;8;1606;1606002;-;2;5;2;2;3;11;8;64000
2023;16;9;1602;1602001;-;1;5;7;2;3;11;8;292000
2023;16;9;1602;1602001;-;2;5;3;2;3;11;8;776000
2023;16;9;1602;1602001;-;2;8;5;2;3;11;8;265017
2023;16;9;1602;1602001;-;2;11;4;2;3;11;8;357700
2023;16;9;1602;1602002;-;2;5;4;2;3;11;8;31750
2023;16;9;1602;1602003;-;1;11;3;2;3;11;8;75000
2023;16;9;1602;1602003;-;2;5;2;2;3;11;8;174420
2023;16;9;1602;1602003;-;2;5;3;2;3;11;8;548695
2023;16;9;1602;1602003;-;2;8;2;2;3;11;8;60960
2023;16;9;1602;1602003;-;2;11;2;2;3;11;8;180000
2023;16;9;1602;1602003;-;2;11;3;2;3;11;8;432500
2023;16;10;0;0;-;63;5;1;1;1;11;8;366080
2023;17;3;1701;1701004;-;2;5;4;2;3;11;8;445000
2023;17;3;1701;1701004;-;2;5;4;2;3;11;9;65000
2023;17;5;1704;1704002;-;2;11;4;2;3;11;8;112430
2023;17;6;1702;1702006;-;2;5;2;2;3;11;8;4800
2023;17;7;1701;1701001;-;3;4;6;2;3;11;6;1066
2023;17;7;1701;1701001;-;3;4;6;2;3;11;8;167030
2023;17;7;1701;1701001;-;3;4;6;2;3;11;9;10312
2023;17;8;1702;1702002;-;1;5;2;2;3;11;8;55000
2023;17;8;1702;1702005;-;1;0;2;2;3;11;8;17000
2023;17;8;1702;1702005;-;1;5;3;2;3;11;8;182500
2023;17;8;1702;1702005;-;1;11;2;2;3;11;8;146960
2023;17;8;1702;1702005;-;1;11;3;2;3;11;8;40000
2023;17;8;1702;1702005;-;2;5;2;2;3;11;8;93590
2023;17;8;1702;1702005;-;2;5;3;2;3;11;8;130000
2023;17;8;1702;1702005;-;2;5;4;2;3;11;8;110000
2023;17;8;1702;1702005;-;2;11;2;2;3;11;8;3000
2023;17;8;1702;1702005;-;2;11;5;2;3;11;8;915000
2023;17;8;1702;1702006;-;2;5;3;2;3;11;8;1920
2023;17;9;1704;1704003;-;2;5;4;2;3;11;8;751301
2023;17;9;1704;1704004;-;1;5;2;1;1;11;8;321985
2023;17;9;1704;1704005;-;2;5;3;2;3;11;8;970000
2023;17;9;1704;1704006;-;1;11;3;2;3;11;8;438000
2023;17;10;0;0;-;63;5;1;1;1;11;8;1345343
2023;17;10;1701;1701006;-;1;5;3;2;3;11;8;36500
2023;17;10;1702;1702002;-;2;11;3;2;3;11;8;108000
2023;17;10;1702;1702005;-;2;11;4;2;3;11;8;95000
2023;17;10;1702;1702006;-;2;11;6;2;3;11;8;896893
2023;17;11;1702;1702003;-;2;5;2;2;3;11;8;80000
2023;17;11;1702;1702003;-;2;11;2;2;3;11;8;39500
2023;17;11;1702;1702003;-;2;11;4;2;3;11;8;60000
2023;17;11;1702;1702004;-;1;5;4;2;3;11;8;63000
2023;17;11;1702;1702004;-;2;5;3;2;3;11;8;312075
2023;17;11;1702;1702004;-;2;11;3;2;3;11;8;50000
2023;17;11;1702;1702008;-;2;5;4;2;3;11;8;225540
2023;18;6;0;0;-;63;5;1;1;1;11;6;4000
2023;18;6;0;0;-;63;5;1;1;1;11;8;4000
2023;18;6;1802;1802001;-;2;5;2;2;3;11;8;20000
2023;18;6;1802;1802002;-;2;5;2;2;3;11;8;27540
2023;18;8;1803;1803005;-;2;11;5;2;3;11;8;585700
2023;19;7;1901;1901005;-;1;11;2;2;3;11;8;53000
2023;19;10;1903;1903001;-;1;5;2;2;3;11;8;73000
2023;19;10;1903;1903002;-;1;8;2;2;3;11;8;90000
