ns1:Ejercicio;ns1:DepartamentoCodigo;ns1:SeccionalPolicialCodigo;ns1:AreaSupervision;ns1:AreaEnumeracion;ns1:ActividadCodigo;ns1:GiroCodigo;ns1:NaturalezaJuridicaCodigo;ns1:EstratoCodigo;ns1:EspecieCodigo;ns1:ProductoCodigo;ns1:Litros
2021;2;3;303;303004;-;02;5;2;11;8;5000
2021;2;3;304;304002;-;40;11;2;4;8;45000
2021;2;6;317;317007;-;02;11;3;11;8;73000
2021;2;6;318;318003;-;01;5;2;4;9;250
2021;2;8;314;314001;-;01;5;2;11;8;4000
2021;2;8;314;314001;-;01;5;3;11;8;2000
2021;2;8;314;314008;-;02;5;2;11;8;32400
2021;2;10;307;307002;-;02;11;3;11;8;30000
2021;2;10;308;308002;-;01;5;2;11;8;80000
2021;2;10;308;308005;-;02;11;2;11;8;250000
2021;2;10;308;308005;-;02;11;3;11;8;230850
2021;2;10;309;309001;-;02;5;2;11;8;21550
2021;2;10;309;309003;-;02;5;2;11;8;21600
2021;2;10;309;309004;-;01;11;2;11;8;70000
2021;2;10;312;312002;-;02;8;2;11;8;3900
2021;2;11;306;306003;-;02;1;4;11;8;600
2021;2;11;307;307001;-;02;5;2;11;8;8500
2021;2;14;313;313001;-;40;5;2;11;8;54000
2021;2;19;315;315008;-;02;9;2;11;8;19000
2021;2;24;315;315005;-;02;11;2;11;8;36000
2021;4;2;505;505004;-;01;5;3;11;8;100000
2021;4;2;505;505006;-;02;11;3;11;8;150000
2021;4;2;505;505006;-;02;11;4;11;8;91000
2021;4;2;505;505006;-;16;11;2;11;8;56000
2021;4;5;503;503006;-;03;11;4;11;8;110000
2021;4;5;505;505003;-;02;11;3;11;8;80000
2021;4;5;505;505005;-;02;5;3;11;8;72000
2021;4;5;505;505005;-;02;5;4;11;8;120750
2021;4;5;505;505005;-;02;11;4;11;8;676772
2021;4;5;505;505005;-;02;11;5;11;8;418200
2021;4;5;506;506005;-;01;5;2;11;8;52000
2021;4;5;506;506005;-;01;11;2;11;8;65500
2021;4;5;506;506005;-;02;5;2;11;8;52000
2021;4;5;506;506005;-;02;5;4;11;8;1073000
2021;4;5;506;506005;-;02;11;3;11;8;408195
2021;4;5;506;506005;-;02;11;4;11;8;292000
2021;4;5;506;506005;-;02;11;5;11;8;418100
2021;4;5;506;506006;-;02;1;4;11;8;271455
2021;4;5;506;506006;-;02;1;4;11;9;30172
2021;4;5;506;506006;-;02;5;2;11;8;27000
2021;4;5;506;506006;-;02;5;3;11;8;182500
2021;4;5;506;506006;-;02;11;3;11;8;208000
2021;4;6;506;506003;-;01;11;2;11;8;13680
2021;4;6;506;506003;-;02;5;2;11;8;59000
2021;4;6;506;506003;-;02;5;3;11;8;3240
2021;4;6;506;506003;-;02;9;2;11;8;32215
2021;4;6;506;506003;-;02;9;2;11;9;2418
2021;4;6;506;506004;-;01;12;2;4;8;7200
2021;4;6;506;506004;-;01;12;2;11;8;18000
2021;4;6;506;506004;-;02;5;2;11;8;153950
2021;4;6;506;506004;-;02;11;3;11;8;182000
2021;4;6;506;506004;-;02;11;4;11;8;270000
2021;4;6;506;506005;-;02;5;2;11;8;113500
2021;4;6;506;506005;-;02;5;3;11;8;2300
2021;4;6;506;506005;-;02;11;2;11;8;295000
2021;4;6;506;506006;-;02;12;3;11;8;320000
2021;4;6;506;506009;-;01;11;3;11;8;45500
2021;4;6;506;506009;-;02;8;2;11;8;134000
2021;4;7;504;504001;-;02;11;3;11;8;540000
2021;4;8;0;0;-;18;5;1;11;9;1200
2021;4;9;502;502003;-;01;5;3;11;8;240000
2021;4;9;502;502003;-;01;8;3;11;8;109500
2021;4;9;502;502003;-;02;8;3;11;8;141300
2021;4;9;502;502003;-;02;11;3;11;8;54750
2021;4;9;502;502003;-;02;11;4;11;8;563000
2021;4;9;502;502004;-;01;5;3;11;8;65700
2021;4;10;501;501006;-;02;5;3;11;8;338150
2021;4;11;501;501002;-;01;5;2;11;8;29200
2021;4;11;501;501002;-;02;5;2;11;8;77821
2021;4;11;501;501002;-;02;8;6;11;8;2516350
2021;4;12;502;502003;-;02;5;2;11;8;60000
2021;4;12;502;502004;-;02;11;3;11;8;182500
2021;4;12;502;502006;-;02;5;2;11;8;21000
2021;4;12;503;503001;-;02;11;4;11;8;56000
2021;4;12;503;503002;-;02;5;2;11;8;100000
2021;4;13;0;0;-;18;5;1;11;8;79300
2021;4;13;503;503003;-;01;11;2;11;8;160000
2021;4;13;503;503003;-;02;5;3;11;8;100375
2021;4;13;503;503003;-;02;5;4;11;8;730000
2021;4;13;503;503003;-;02;11;2;11;8;273750
2021;4;13;503;503007;-;01;11;4;11;8;25116
2021;4;13;503;503007;-;02;5;2;11;8;85000
2021;4;13;503;503007;-;02;5;3;11;8;316800
2021;4;13;503;503007;-;02;5;4;11;8;210200
2021;4;13;503;503007;-;02;11;4;11;8;180000
2021;4;14;502;502006;-;02;5;3;11;8;36500
2021;4;14;503;503004;-;01;11;2;11;8;146000
2021;4;14;504;504002;-;02;5;4;11;8;98000
2021;4;14;504;504002;-;02;11;2;11;8;195500
2021;4;14;504;504005;-;02;11;5;11;8;180000
2021;4;14;506;506001;-;01;5;5;11;8;145000
2021;4;14;506;506001;-;02;5;2;11;8;36500
2021;4;14;506;506001;-;02;5;4;11;8;295000
2021;4;16;501;501002;-;02;13;2;11;8;28000
2021;4;16;504;504006;-;01;5;2;11;8;136000
2021;4;16;504;504006;-;02;5;4;11;8;352000
2021;4;16;504;504006;-;02;11;4;11;8;127705
2021;4;16;504;504006;-;02;11;4;11;9;237166
2021;4;16;504;504006;-;02;12;3;11;8;185456
2021;4;16;506;506001;-;01;5;4;11;8;36240
2021;4;16;506;506001;-;02;11;4;11;8;365000
2021;4;16;506;506002;-;02;5;2;11;8;43630
2021;4;16;506;506007;-;02;11;2;11;8;110800
2021;4;16;506;506007;-;02;11;3;11;8;390000
2021;4;16;506;506007;-;02;11;4;11;8;822000
2021;4;16;506;506007;-;02;11;5;11;8;100000
2021;4;16;506;506008;-;01;5;2;11;8;135000
2021;4;16;506;506008;-;02;2;2;11;8;258480
2021;4;16;506;506008;-;02;5;2;11;8;18000
2021;4;16;506;506008;-;02;8;2;11;8;10000
2021;4;17;503;503005;-;01;5;2;11;8;30000
2021;4;17;503;503005;-;02;5;2;11;8;29280
2021;4;17;503;503005;-;02;5;3;11;8;337450
2021;4;17;503;503005;-;02;11;2;11;8;94000
2021;4;17;503;503006;-;01;5;2;11;8;148980
2021;4;17;503;503006;-;01;11;4;11;8;432000
2021;4;17;503;503006;-;01;11;5;11;8;19500
2021;4;17;503;503006;-;01;14;6;11;8;60000
2021;4;17;503;503006;-;02;5;2;11;8;36500
2021;4;17;503;503006;-;02;5;3;11;8;178690
2021;4;17;503;503006;-;02;5;4;11;8;478700
2021;4;17;503;503006;-;02;11;3;11;8;228800
2021;4;17;503;503007;-;02;5;2;11;8;55000
2021;4;17;503;503007;-;02;11;2;11;8;68000
2021;4;17;503;503007;-;02;11;3;11;8;91250
2021;4;17;505;505001;-;01;5;6;11;8;180000
2021;4;17;505;505001;-;01;11;5;11;8;18000
2021;4;17;505;505001;-;02;5;5;11;8;237250
2021;4;17;505;505001;-;02;11;2;11;8;48000
2021;4;17;505;505004;-;02;5;2;11;8;73000
2021;4;17;505;505004;-;02;5;4;11;8;284700
2021;4;17;505;505004;-;02;5;5;11;8;365000
2021;4;17;505;505004;-;02;11;4;11;8;546750
2021;4;17;505;505004;-;02;11;4;11;9;365000
2021;4;17;505;505006;-;02;5;5;11;8;496400
2021;4;17;506;506001;-;02;11;2;11;8;192850
2021;4;18;505;505001;-;01;5;3;11;8;287500
2021;4;18;505;505001;-;01;11;2;11;8;108000
2021;4;18;505;505001;-;01;11;3;11;8;115000
2021;4;18;505;505001;-;01;11;5;11;8;295000
2021;4;18;505;505001;-;02;5;2;11;8;300000
2021;4;18;505;505001;-;02;5;4;11;8;181000
2021;4;18;505;505001;-;02;11;5;11;8;260000
2021;4;18;505;505002;-;01;5;3;11;8;98000
2021;4;18;505;505002;-;01;11;3;11;8;717000
2021;4;18;505;505002;-;01;11;4;11;8;102000
2021;4;18;505;505002;-;01;11;6;11;8;21600
2021;4;18;505;505002;-;02;5;5;11;8;500000
2021;4;18;505;505002;-;02;11;3;11;8;115121
2021;4;18;505;505002;-;02;11;4;11;8;492700
2021;4;18;505;505003;-;01;5;4;11;8;292000
2021;4;18;505;505003;-;02;5;2;11;8;110595
2021;4;18;505;505003;-;02;5;3;11;8;152000
2021;4;18;505;505003;-;02;5;4;11;8;155000
2021;4;18;505;505003;-;02;8;6;11;8;951640
2021;4;18;505;505003;-;02;11;4;11;8;430646
2021;4;18;505;505003;-;02;11;5;11;8;230000
2021;4;18;505;505005;-;01;5;4;11;8;145000
2021;4;18;505;505005;-;01;8;3;11;8;179000
2021;4;18;505;505005;-;01;11;2;11;8;18000
2021;4;18;505;505005;-;01;11;5;11;8;217000
2021;4;18;505;505005;-;02;5;2;11;8;272460
2021;4;18;505;505005;-;02;11;2;11;8;182500
2021;4;18;505;505005;-;02;11;3;11;8;190000
2021;5;2;601;601004;-;02;12;8;11;9;155202802
2021;5;2;602;602002;-;01;5;2;11;8;78000
2021;5;13;601;601006;-;02;5;2;11;8;47600
2021;6;2;702;702002;-;02;5;3;11;8;51000
2021;6;2;702;702002;-;02;5;3;11;9;25300
2021;6;3;702;702001;-;01;11;4;11;8;124000
2021;6;4;701;701003;-;01;11;3;11;8;28000
2021;6;4;701;701003;-;02;5;2;11;8;65700
2021;6;4;701;701004;-;02;5;4;11;8;200
2021;6;4;701;701005;-;02;5;3;11;8;236000
2021;6;4;701;701005;-;02;5;4;11;8;326800
2021;6;4;701;701005;-;02;5;5;11;8;52803
2021;6;5;702;702005;-;16;11;2;11;8;70000
2021;6;7;702;702001;-;02;5;2;11;8;84047
2021;6;7;702;702001;-;02;5;3;11;8;24000
2021;6;7;702;702001;-;02;6;3;11;8;4400
2021;6;8;702;702003;-;02;12;3;11;8;280000
2021;6;9;701;701004;-;02;5;3;11;8;59650
2021;6;9;701;701004;-;02;5;4;11;8;120000
2021;6;9;701;701005;-;02;11;2;11;8;40000
2021;7;2;803;803005;-;02;11;5;11;8;170000
2021;7;2;803;803005;-;02;11;5;11;9;103750
2021;7;2;804;804003;-;02;11;5;11;8;300000
2021;7;2;804;804004;-;01;5;2;11;8;91000
2021;7;2;804;804004;-;02;5;3;11;8;130000
2021;7;2;804;804004;-;02;8;4;11;8;185500
2021;7;2;804;804004;-;02;8;4;11;9;161250
2021;7;3;805;805002;-;02;11;2;11;8;21000
2021;7;3;805;805006;-;02;9;5;11;8;150000
2021;7;4;801;801003;-;01;11;3;11;8;40000
2021;7;5;805;805002;-;02;5;2;11;8;48000
2021;7;5;805;805007;-;02;9;3;11;8;60209
2021;7;11;802;802002;-;02;11;3;11;8;7000
2021;7;13;801;801006;-;02;11;5;11;8;90000
2021;8;2;0;0;-;18;11;1;11;8;1200
2021;8;2;0;0;-;18;11;1;11;9;300
2021;8;3;0;0;-;18;5;1;11;8;40000
2021;8;3;904;904003;-;01;5;2;11;8;28000
2021;8;3;905;905003;-;-;8;3;11;8;48000
2021;8;3;905;905003;-;01;5;3;11;8;2200
2021;8;3;905;905003;-;02;5;2;11;8;70000
2021;8;4;903;903005;-;02;13;5;11;8;98880
2021;8;13;905;905005;-;01;5;2;11;8;58000
2021;8;13;906;906001;-;01;11;3;4;8;8000
2021;9;2;1002;1002005;-;01;2;5;11;8;87000
2021;9;2;1003;1003004;-;02;5;3;4;8;2950
2021;9;3;1004;1004003;-;02;5;5;11;8;19440
2021;9;5;1004;1004001;-;02;8;4;11;8;219600
2021;9;6;1003;1003006;-;02;2;5;11;6;60024
2021;9;6;1003;1003006;-;02;2;5;11;8;2463895
2021;9;6;1003;1003006;-;02;2;5;11;9;1752291
2021;9;12;1002;1002006;-;02;5;2;11;8;2500
2021;9;12;1002;1002006;-;02;5;2;11;9;500
2021;10;18;101;101002;-;02;5;2;11;8;32800
2021;11;6;0;0;-;-;5;1;11;8;146000
2021;11;6;1101;1101004;-;01;5;2;11;8;52000
2021;11;6;1101;1101004;-;01;5;5;4;8;97700
2021;11;6;1101;1101004;-;01;5;5;11;8;145850
2021;11;6;1101;1101004;-;02;5;3;11;8;285000
2021;11;6;1101;1101005;-;03;11;5;11;8;131035
2021;11;6;1101;1101006;-;01;11;5;11;6;3900
2021;11;6;1101;1101006;-;01;11;5;11;7;1200
2021;11;6;1101;1101006;-;01;11;5;11;8;2700
2021;11;6;1101;1101006;-;18;5;1;11;8;14000
2021;11;6;1102;1102001;-;01;5;5;11;8;50000
2021;11;11;1102;1102008;-;01;5;5;11;8;30820
2021;12;2;0;0;-;63;11;1;11;8;99000
2021;12;3;0;0;-;63;5;1;11;8;8100
2021;12;3;1203;1203004;-;01;11;4;11;8;106500
2021;12;3;1203;1203004;-;02;5;3;11;8;73000
2021;12;3;1203;1203005;-;02;5;3;11;8;153200
2021;12;3;1203;1203005;-;02;11;3;11;8;75400
2021;12;4;0;0;-;63;5;1;11;8;58520
2021;12;5;1201;1201001;-;02;11;3;11;9;51100
2021;12;5;1201;1201002;-;63;11;1;11;8;144000
2021;14;3;1401;1401006;-;02;5;3;11;8;36000
2021;14;4;1402;1402006;-;01;5;2;11;8;154800
2021;14;4;1402;1402006;-;02;5;2;11;8;53000
2021;14;4;1402;1402006;-;02;5;4;11;8;50000
2021;14;4;1404;1404003;-;01;11;3;11;8;54000
2021;14;4;1404;1404007;-;01;5;4;11;8;43200
2021;14;8;1404;1404006;-;02;5;2;11;8;73000
2021;14;10;1403;1403007;-;01;5;4;11;8;89982
2021;14;12;1405;1405001;-;02;5;4;11;8;135750
2021;15;7;1503;1503004;-;02;5;5;11;8;129800
2021;16;1;1604;1604002;-;02;5;2;11;8;41900
2021;16;1;1605;1605001;-;02;11;3;11;8;285000
2021;16;1;1605;1605002;-;01;5;2;11;8;53250
2021;16;1;1605;1605002;-;02;5;2;11;9;8100
2021;16;1;1605;1605002;-;02;11;2;11;8;36000
2021;16;3;1601;1601001;-;02;5;3;11;8;105000
2021;16;3;1601;1601002;-;02;5;4;11;8;328500
2021;16;3;1601;1601003;-;02;2;4;11;8;160000
2021;16;3;1601;1601003;-;02;5;2;11;8;123820
2021;16;3;1601;1601003;-;02;5;3;11;8;2255405
2021;16;3;1601;1601003;-;02;5;4;11;8;481575
2021;16;3;1601;1601003;-;02;5;5;11;8;307695
2021;16;3;1601;1601003;-;02;11;2;11;8;141420
2021;16;3;1601;1601003;-;02;11;3;11;8;283375
2021;16;3;1601;1601003;-;02;11;4;11;8;146000
2021;16;3;1601;1601003;-;02;14;2;11;8;50000
2021;16;3;1601;1601004;-;02;5;2;11;8;100740
2021;16;3;1601;1601004;-;02;5;3;11;8;330000
2021;16;3;1601;1601004;-;02;11;2;11;8;141620
2021;16;3;1601;1601005;-;02;5;2;11;8;853406
2021;16;3;1601;1601005;-;02;5;4;11;8;438000
2021;16;3;1601;1601005;-;02;8;2;11;8;58400
2021;16;3;1601;1601005;-;02;11;2;11;8;33000
2021;16;3;1601;1601006;-;02;5;3;11;8;29200
2021;16;3;1601;1601006;-;02;5;4;11;8;456250
2021;16;3;1601;1601006;-;02;11;2;11;8;187808
2021;16;3;1601;1601006;-;02;11;3;11;8;437500
2021;16;3;1602;1602004;-;01;11;2;11;8;60000
2021;16;3;1602;1602004;-;02;5;2;11;8;1552960
2021;16;3;1602;1602004;-;02;5;3;11;8;555575
2021;16;3;1602;1602004;-;02;5;4;11;8;594950
2021;16;3;1602;1602004;-;02;5;5;11;8;222000
2021;16;3;1602;1602004;-;02;11;2;11;8;233930
2021;16;3;1605;1605004;-;02;5;2;11;8;85000
2021;16;3;1605;1605004;-;02;11;2;11;8;132130
2021;16;4;1601;1601001;-;-;5;4;11;8;105840
2021;16;4;1601;1601001;-;01;5;2;11;8;245996
2021;16;4;1601;1601001;-;02;5;2;11;8;287530
2021;16;4;1601;1601001;-;02;5;3;11;8;590720
2021;16;4;1601;1601001;-;02;8;2;11;8;20800
2021;16;4;1601;1601001;-;02;11;2;4;8;13500
2021;16;4;1601;1601001;-;02;11;2;11;8;14200
2021;16;4;1601;1601001;-;02;11;3;11;8;249000
2021;16;4;1601;1601001;-;02;11;4;11;8;178600
2021;16;4;1601;1601002;-;02;5;2;11;8;594202
2021;16;4;1601;1601002;-;02;5;3;11;8;340138
2021;16;4;1601;1601002;-;02;5;4;11;8;620500
2021;16;4;1601;1601002;-;02;8;3;11;8;200750
2021;16;4;1601;1601002;-;02;11;2;11;8;45000
2021;16;4;1601;1601002;-;02;11;3;11;8;372300
2021;16;4;1601;1601002;-;02;11;4;11;8;163000
2021;16;4;1601;1601003;-;02;11;3;11;8;180000
2021;16;4;1602;1602004;-;02;5;2;11;8;171550
2021;16;4;1604;1604001;-;02;11;4;11;8;220000
2021;16;5;1601;1601003;-;-;5;2;11;8;2700
2021;16;5;1604;1604001;-;01;5;5;11;8;132000
2021;16;5;1604;1604001;-;01;11;2;11;8;267975
2021;16;5;1604;1604001;-;01;11;4;11;8;147000
2021;16;5;1604;1604001;-;01;11;5;11;8;1086300
2021;16;5;1604;1604001;-;02;5;2;11;8;987325
2021;16;5;1604;1604001;-;02;5;3;11;8;661000
2021;16;5;1604;1604001;-;02;5;4;11;8;175000
2021;16;5;1604;1604001;-;02;11;2;11;8;199700
2021;16;5;1604;1604001;-;02;11;3;11;8;191800
2021;16;5;1604;1604001;-;02;11;4;11;8;329000
2021;16;5;1604;1604001;-;02;12;5;11;8;288000
2021;16;5;1604;1604001;-;16;5;3;11;8;100000
2021;16;5;1604;1604002;-;02;5;2;11;8;348395
2021;16;5;1604;1604002;-;02;5;3;11;8;990405
2021;16;5;1604;1604002;-;02;5;4;11;8;314265
2021;16;5;1604;1604002;-;02;5;4;11;9;326890
2021;16;5;1604;1604002;-;02;8;4;11;8;88000
2021;16;5;1604;1604002;-;02;11;2;11;8;222960
2021;16;5;1604;1604002;-;02;11;3;11;8;479652
2021;16;5;1604;1604003;-;-;5;2;11;8;1800
2021;16;5;1604;1604003;-;01;5;2;11;8;54750
2021;16;5;1604;1604003;-;02;2;4;11;8;891000
2021;16;5;1604;1604003;-;02;5;2;11;8;672635
2021;16;5;1604;1604003;-;02;5;3;11;8;373000
2021;16;5;1604;1604003;-;02;5;4;11;8;872070
2021;16;5;1604;1604003;-;02;8;5;11;8;708235
2021;16;5;1604;1604003;-;02;11;2;11;8;73000
2021;16;5;1604;1604003;-;02;11;3;11;8;665700
2021;16;5;1604;1604003;-;02;11;5;11;8;370729
2021;16;5;1604;1604004;-;01;5;3;11;8;1554000
2021;16;5;1604;1604004;-;01;5;4;11;8;80000
2021;16;5;1604;1604004;-;02;5;2;11;8;118079
2021;16;5;1604;1604004;-;02;5;3;11;8;150000
2021;16;5;1604;1604004;-;02;5;4;11;8;725645
2021;16;5;1604;1604004;-;02;5;5;11;8;525600
2021;16;5;1604;1604004;-;02;5;6;11;8;140885
2021;16;5;1604;1604004;-;02;11;2;11;8;128380
2021;16;5;1604;1604004;-;02;11;3;11;8;2142288
2021;16;5;1604;1604005;-;02;5;2;11;8;393050
2021;16;5;1604;1604005;-;02;5;3;11;8;146000
2021;16;5;1604;1604005;-;02;5;4;11;8;580000
2021;16;5;1604;1604005;-;02;11;2;11;8;164250
2021;16;5;1604;1604005;-;02;11;3;11;8;538000
2021;16;5;1604;1604005;-;02;11;4;11;8;105000
2021;16;5;1604;1604006;-;01;5;5;11;8;1683672
2021;16;5;1604;1604006;-;02;5;2;11;8;340000
2021;16;5;1604;1604006;-;02;5;3;11;8;73000
2021;16;5;1604;1604006;-;02;5;4;11;8;1077000
2021;16;5;1604;1604006;-;02;5;5;11;8;1900000
2021;16;5;1604;1604006;-;02;11;2;11;8;14000
2021;16;5;1604;1604006;-;02;11;3;11;8;137500
2021;16;5;1604;1604007;-;01;11;2;11;8;251850
2021;16;5;1604;1604007;-;01;11;6;11;8;980000
2021;16;5;1604;1604007;-;01;11;6;11;9;270000
2021;16;5;1604;1604007;-;02;5;2;11;8;511880
2021;16;5;1604;1604007;-;02;5;3;11;8;1058800
2021;16;5;1604;1604007;-;02;5;4;11;8;672330
2021;16;5;1604;1604007;-;02;8;2;11;8;300000
2021;16;5;1604;1604007;-;02;11;2;11;8;91000
2021;16;5;1604;1604007;-;02;11;3;11;8;949280
2021;16;5;1604;1604007;-;02;14;5;11;8;240000
2021;16;5;1607;1607004;-;02;5;2;11;8;21000
2021;16;6;1605;1605001;-;02;5;2;11;8;136364
2021;16;6;1605;1605001;-;02;5;3;11;8;42500
2021;16;6;1605;1605001;-;63;5;1;11;8;21900
2021;16;6;1605;1605002;-;02;5;2;11;8;69600
2021;16;6;1605;1605003;-;01;5;2;11;9;111650
2021;16;6;1605;1605003;-;01;8;2;11;8;20000
2021;16;6;1605;1605003;-;02;5;2;11;8;111500
2021;16;6;1605;1605004;-;02;5;2;11;8;40000
2021;16;6;1605;1605004;-;02;5;3;11;8;59000
2021;16;6;1605;1605006;-;02;2;4;11;8;511000
2021;16;6;1605;1605006;-;02;5;2;11;8;107310
2021;16;6;1605;1605006;-;02;11;3;11;8;19000
2021;16;6;1606;1606005;-;01;5;2;11;8;45600
2021;16;6;1606;1606005;-;02;5;2;11;8;84060
2021;16;6;1606;1606005;-;02;5;3;11;8;1200000
2021;16;6;1607;1607001;-;02;5;2;11;8;188300
2021;16;7;1605;1605004;-;02;11;2;11;8;76650
2021;16;7;1606;1606004;-;02;5;3;11;8;102240
2021;16;7;1607;1607001;-;02;3;4;4;8;72853
2021;16;7;1607;1607003;-;02;8;3;11;8;336165
2021;16;7;1607;1607003;-;02;11;3;11;8;352760
2021;16;8;1602;1602001;-;02;5;2;11;8;36500
2021;16;8;1603;1603001;-;01;5;2;11;8;110000
2021;16;8;1603;1603001;-;02;5;2;11;8;342000
2021;16;8;1603;1603002;-;01;11;2;11;8;208050
2021;16;8;1603;1603002;-;02;5;2;11;8;52300
2021;16;8;1603;1603003;-;01;5;3;11;8;18750
2021;16;8;1603;1603003;-;02;5;2;11;7;1
2021;16;8;1603;1603003;-;02;5;2;11;8;223778
2021;16;8;1603;1603003;-;02;11;2;11;8;148190
2021;16;8;1603;1603004;-;01;5;3;11;8;79390
2021;16;8;1603;1603004;-;02;11;3;11;8;102200
2021;16;8;1603;1603006;-;02;5;2;11;8;86275
2021;16;8;1605;1605004;-;02;11;2;11;8;45600
2021;16;8;1606;1606001;-;02;5;2;11;8;36500
2021;16;8;1606;1606001;-;02;8;2;11;8;180000
2021;16;8;1606;1606002;-;02;5;2;11;8;71050
2021;16;9;1602;1602001;-;01;5;7;11;8;345000
2021;16;9;1602;1602001;-;02;5;3;11;8;500000
2021;16;9;1602;1602001;-;02;8;5;11;8;240791
2021;16;9;1602;1602001;-;02;11;3;11;8;92000
2021;16;9;1602;1602001;-;02;11;4;11;8;481500
2021;16;9;1602;1602002;-;02;5;4;11;8;608100
2021;16;9;1602;1602002;-;02;5;5;11;9;10000
2021;16;9;1602;1602002;-;02;11;4;11;8;109500
2021;16;9;1602;1602003;-;01;5;3;11;8;71500
2021;16;9;1602;1602003;-;01;11;3;11;8;77000
2021;16;9;1602;1602003;-;02;5;2;11;8;159100
2021;16;9;1602;1602003;-;02;5;3;11;8;384710
2021;16;9;1602;1602003;-;02;8;2;11;8;29100
2021;16;9;1602;1602003;-;02;11;2;11;8;358300
2021;16;9;1602;1602003;-;02;11;3;11;8;262800
2021;16;9;1602;1602003;-;02;11;4;11;8;219000
2021;16;10;0;0;-;02;5;1;11;8;279820
2021;17;3;1701;1701004;-;02;5;4;11;8;165876
2021;17;5;1704;1704002;-;02;11;4;11;8;125328
2021;17;6;1702;1702006;-;02;5;2;11;9;48000
2021;17;7;1701;1701001;-;03;4;6;11;6;1078
2021;17;7;1701;1701001;-;03;4;6;11;7;794
2021;17;7;1701;1701001;-;03;4;6;11;8;253810
2021;17;7;1701;1701001;-;03;4;6;11;9;20306
2021;17;8;1702;1702002;-;01;5;2;11;8;43800
2021;17;8;1702;1702005;-;01;0;2;11;8;17000
2021;17;8;1702;1702005;-;01;5;3;11;8;182500
2021;17;8;1702;1702005;-;01;11;2;11;8;164250
2021;17;8;1702;1702005;-;01;11;3;11;8;78408
2021;17;8;1702;1702005;-;02;5;2;11;8;218130
2021;17;8;1702;1702005;-;02;5;3;11;8;130000
2021;17;8;1702;1702005;-;02;11;5;11;8;900000
2021;17;8;1702;1702006;-;01;5;3;11;8;3000
2021;17;9;1704;1704002;-;02;3;4;11;8;40000
2021;17;9;1704;1704003;-;02;5;4;11;8;420980
2021;17;9;1704;1704004;-;01;5;2;11;8;180420
2021;17;9;1704;1704005;-;01;5;3;11;8;400000
2021;17;9;1704;1704006;-;01;11;3;11;8;432000
2021;17;10;0;0;-;63;5;1;11;8;805790
2021;17;10;1702;1702002;-;02;5;3;11;8;18250
2021;17;10;1702;1702002;-;02;5;5;11;8;126000
2021;17;10;1702;1702002;-;02;11;3;11;8;133000
2021;17;10;1702;1702005;-;02;11;4;11;8;125000
2021;17;10;1702;1702006;-;02;11;6;11;8;559746
2021;17;11;1702;1702003;-;01;5;4;11;8;21600
2021;17;11;1702;1702003;-;02;5;2;11;8;94000
2021;17;11;1702;1702003;-;02;11;2;11;8;44000
2021;17;11;1702;1702003;-;02;11;4;11;8;120
2021;17;11;1702;1702004;-;02;5;3;11;8;180000
2021;17;11;1702;1702004;-;02;5;4;11;8;69350
2021;17;11;1702;1702004;-;02;11;2;11;8;15000
2021;17;11;1702;1702004;-;02;11;3;11;8;50000
2021;17;11;1702;1702008;-;01;3;5;11;8;5600
2021;17;11;1702;1702008;-;02;5;4;11;8;190000
2021;18;6;0;0;-;02;5;1;11;8;5000
2021;18;6;1802;1802001;-;02;5;2;11;8;31120
2021;18;6;1802;1802002;-;02;5;2;11;8;27540
2021;18;8;1803;1803005;-;02;11;5;11;8;642800
2021;18;10;1802;1802001;-;01;5;2;11;8;15000
2021;19;7;1901;1901005;-;02;11;2;11;8;53055
2021;19;10;1903;1903001;-;01;5;2;11;8;73000
2021;19;10;1903;1903001;-;63;5;1;11;6;30
2021;19;10;1903;1903001;-;63;5;1;11;8;30
2021;19;10;1903;1903002;-;01;8;2;11;8;60000
